click_depth,revision_count,attention_stability,focus_ratio,confidence,effort,target,attention_reliability,self_report_reliability
1.218438499389171,2.7214003696958917,0.161734431356079,0.6604923056675374,0.13577305276799717,0.5208803010990777,0,0.7754077046977568,0.9383301168649891
7.185327576432264,3.713519367367064,,,0.4066359833144586,0.4927300851216792,0,0.0,0.7951897594289599
1.5133259055557464,1.1556502540385223,0.3428643806501459,0.32050116115759697,0.3142083323067714,0.1518147015852069,0,0.6525094567292111,0.9981752622517592
3.036074190426869,1.3406487687978679,0.11555358217510917,0.4474132726861384,0.023626842457983632,0.3750955056942373,0,0.6046908660639829,0.7212548521967965
1.6493797118238356,0.0,0.0,0.38959355457014233,0.294437629749099,0.33797938726979904,0,0.7845876573899391,0.9326293543016244
0.466337916861538,1.004977838316689,0.38749743694205463,0.547158356825268,0.4035993265592558,0.46064890827814686,0,0.5366134068429189,0.6179284103549358
4.514425850440203,0.5654001611389811,,,0.6848310410034805,0.6767790122565702,0,0.0,0.7137559161193445
4.436993418551571,2.189151048709988,0.2395675130698415,0.46048951472996486,0.5337610919468555,0.37548209610353755,0,0.8020996114724248,0.7401329317959606
4.542179743531213,2.951471110628602,0.14855227042241498,0.4158724479942634,0.3647806989408529,0.26918751355048676,1,0.5287930356527141,0.8208558928711327
3.6260340529849757,0.0,0.22794361115095887,0.2553659168413476,0.7424850185517107,0.4728799596243983,0,0.5321087725509837,0.8891989474682808
3.2850294530624256,1.6547477124002397,0.4451242225258527,0.4665522938467008,0.5769537492182103,0.872847751896718,1,0.9078579637456815,0.8363251942266754
10.235423242905316,1.180395774203731,1.0,0.6951708679791543,0.39068941789772904,0.5690287860064442,1,0.5006482392954248,0.7808868729753007
2.0462383361256817,1.7599567868992598,0.5183238785111987,0.5857694972068623,0.7352418940035075,0.7374247453448005,1,0.524253504735522,0.90473338825879
3.260356011589354,2.6939989509074462,0.7410445592405573,0.7933518291767883,0.5444945957855193,0.4624774369363712,0,0.6425931771278742,0.9025118366606681
7.383231467570736,3.9036775036456874,0.5600971748344161,1.0,0.5506147275198882,1.0,1,0.7489456470648354,0.8365599041614769
0.1185645309407306,0.7982650736575377,0.6042978744774307,0.5386372935158206,0.042168704529686796,0.41829652669857253,0,0.6831514033377162,0.6563313898579433
6.007950479056131,3.246484444956836,,,0.7231331737382768,0.5708943276272838,1,0.0,0.8068359631983401
2.3207971685232094,1.1227187408777417,0.5988658462174282,0.782522591424309,0.2504504249032653,0.6364117690423033,1,0.7392385650346431,0.5881395360495842
2.195911661084355,2.3307225466689254,0.5419808931181753,0.43699458198880214,0.490872042138959,0.2981332325427105,1,0.736643067856598,0.9578654073198101
8.490389575335541,2.466630414828151,0.8034253220398044,0.7905837986402827,0.9123409617097828,0.5113416359490319,1,0.8276155186540362,0.8442341913095186
5.479100149141024,3.6795969430945723,,,0.7167259061940965,0.5564794486709947,1,0.0,0.939231950265543
8.38358460990261,3.315385049935437,0.6981413523046948,0.6664291478520574,0.8349025968288735,0.4154556295239009,1,0.5883381671717669,0.6747648859003399
7.762687348532715,3.110128916683933,0.9559921622939302,0.6436380250305791,1.0,1.0,0,0.9360798988530976,0.8511857447277476
7.0885085469918865,3.126435666409336,0.7407231559913977,0.6985470803503029,0.799552498327302,0.8159030416344648,1,0.8404320970804067,0.9376998902718133
2.904641218800853,3.527436060921281,0.20032213918775876,0.6293498032936751,0.28458110722802826,0.5745080132271143,1,0.8519579375199775,0.7892518545427455
2.704378350878916,4.891280254408658,0.585066584746984,0.8412194982516733,0.5914955121650444,0.8273415556975026,1,0.4585643229204129,0.9550344476029375
1.6844045099643126,0.04016179527501884,0.5554710976205776,0.7502040127451798,0.63983904498338,0.5125694337458512,0,0.5613653612942167,0.9178872359945817
0.9802755619070059,0.8309713629708677,,,0.7495121774179057,0.6932895150304075,0,0.0,0.9081247904080259
0.0,0.0,0.20490869135349252,0.38291792786711615,0.45641808875955814,0.38184212621805114,0,0.8714091702449749,0.670580311117331
4.85148252334519,2.942381805202594,0.8554804749615781,0.699690259233438,0.6581527823381437,0.4741130850272227,1,0.5472655874628612,0.8611728520054405
5.0121388609961315,2.1354737339446768,0.10237377436027428,0.8204173305125614,0.9803006090567927,0.7680217957628528,1,0.720937041663342,0.6748351628196336
3.3563321076852515,0.9855844864210053,0.5730330246287568,0.5794668221965658,0.2758935706933465,0.5179469969453137,0,0.8488917703076088,0.8260121994554915
2.257771047146767,2.0848093547616617,,,0.29936040659227525,0.3980458976381782,0,0.0,0.72159601062347
3.7724867765198447,2.099465431738958,0.4430469097878024,0.5122943023350937,0.9089929785306927,0.5415825160055207,0,0.6719491269272034,0.8417944240315526
1.0409693141005731,0.6986095947949255,0.5639967472031528,0.43660376174296006,0.33461031762544274,0.3566443442169722,0,0.48225845274518264,0.5666271205789829
0.0,2.3716622361534876,0.37891239947766364,0.3421204239395304,0.22412241024786989,0.2544607225764972,1,0.6731445562980587,0.5575993083118965
1.3721361989199732,1.759561033754942,0.35626669296105373,0.9242530343174583,0.4055972940712242,0.7536050581171023,0,0.8170169301042471,0.8950275310945686
5.049918608087074,1.8957444327642374,0.6270715836966416,0.6636294159325502,0.9725547870549347,0.625356612303463,1,0.7168669418111219,0.6914933912464886
2.5807127844044984,3.2340698823750724,,,0.45824129955397747,0.6482076648530266,0,0.0,0.8375723540744814
0.0,0.6926678891395607,0.32407556237943097,0.19756236880999542,0.3984745335693616,0.20347711810405342,0,0.7620095786471573,0.7647613165707803
3.897833572365542,3.556251105956168,0.7125730698563468,0.7133408860360501,1.0,0.2897776330139285,1,0.9301989343187903,0.8116429270344288
4.362167995665739,1.8635500225424728,0.4047946081665191,0.36380055019203017,0.6533239792892471,0.5456893288034544,1,0.8893553855571048,0.8943990850978809
3.287590201922777,3.900600753137792,,,0.4610930187104065,0.5140906189056091,1,0.0,0.6456075545622731
6.047361510233603,3.253026649198364,0.5496722685885593,0.5855970307177201,0.9108477733234602,0.8332499094420222,0,0.8291182094635152,0.7473062748302441
5.329319785456319,0.5814223845547906,0.662867340866114,0.503662979599854,0.6990821376113617,0.4580516663566841,1,0.6982144828168114,0.7410971360334822
7.7414018102904105,2.068919446021109,0.33606475519864876,0.5122808670813404,0.6650376731404714,0.6219923339830618,1,0.5175255095623812,0.7931458442481396
3.5872927787717823,0.023581861489514244,0.5820172830349085,0.4745301685372244,0.4252881629412137,0.22383622423680224,0,0.643990511426615,0.7975820977043606
6.200651635723592,0.5489149587392212,0.826771162646525,0.9465664033945452,0.7000389973066976,0.33544909061364053,1,0.5349925560459907,0.9567351593492514
7.518109673168938,2.147248652024578,1.0,0.7729341524933211,0.7824678072284348,0.49683864584306564,1,0.7179252051320051,0.6691595648491855
8.30759193827926,2.015515621646094,,,0.3812561169214951,0.3002004273165712,1,0.0,0.5728169938852058
0.0,0.0,0.25368199854952,0.6903680825885408,0.08891382309185647,0.5050153072930906,0,0.838675306479596,0.8871639838904452
0.0,2.7611917017562018,0.7325503011119201,0.4143539716933575,0.24980598046675762,0.17712202809229335,1,0.4820060539293687,0.8950129500440323
6.308859558289432,2.2514775276449437,0.9267126525486317,0.8571536199025617,0.8242705318192282,0.39962350795556345,1,0.9836375020392418,0.8424949988222734
3.5552542380766887,3.2925809549284133,0.5130605261459814,0.5933494757555892,0.7423069605064307,0.6005124722698085,1,0.9535244545030639,0.6893513471985653
2.5590468922059197,2.2411064542526993,0.4829821023424901,0.5388116875665703,0.21615276738886408,0.1837249137489702,1,0.46785530960044736,0.8069886606177823
3.6394074888789585,0.3842834220526692,0.2787557168881478,0.5851076479993351,0.7012728216081577,0.5157512016048356,0,0.8961228984697952,0.872732285666392
2.520352982803656,1.2972993843222964,0.98973725934306,0.6835685400413614,0.25705117179864606,0.04804127642939726,1,0.6543872398387469,0.79348838226676
5.295593886086374,1.293981525859203,0.3582434413911946,0.5913979845783413,0.18316539440776908,0.4174242288756789,0,0.7491978298344141,0.6649207919283813
1.7616657770180084,0.9269849786467355,0.4743486587962926,0.4270193477212279,0.5622532015091486,0.5301558113629303,1,0.514147363235449,0.8529643506688083
3.320104878619059,2.0458851320944476,0.584992233916328,0.47055977968889795,0.4490958311155606,0.06839455953088469,1,0.6807839776737988,0.8448308590823612
7.093147744945755,2.8946884202455743,0.8924246290138533,0.9669977667898466,0.7445918312669343,0.4063028196266477,1,0.649505559017227,0.9364264458711218
2.5866244745056672,4.321176884983727,0.44320070815296914,0.6937518254872739,0.4879270785995507,0.336589897135562,1,0.581193183494251,0.8503117350816317
1.4776731150611662,0.7369563568244254,0.2070885414032001,0.50589737989213,0.12027063850090053,0.0,0,0.5833519412724271,0.8423698866256893
4.6915643593546745,1.4001254621429273,,,0.6819921127575704,0.7654726841168565,1,0.0,0.7216404165161978
6.124656112490947,3.295399996970403,,,0.8330096869093654,0.729488501496804,1,0.0,0.9897753027990539
2.0839177447596984,0.0,0.5166609407179812,0.37461251652982935,0.6253750776021728,0.2595284779122997,1,0.8452562955350762,0.879414705515926
3.640453813459608,2.680487825543625,0.6921461905668743,0.4728753934385903,0.5525101274804016,0.4902329175334031,1,0.7129980949305987,0.6410266949560667
4.607233938968087,1.6514112450866805,0.9381458661335407,0.7258228476455669,0.6247976852212158,0.7676696530280147,1,0.9721276753855159,0.7124567523558247
4.6351790514495335,0.0,0.5818926235818422,0.639839576188633,0.5600625325506559,0.35192408363569566,0,0.8698139671564247,0.8277421536588763
2.9008489566965325,0.8006262219906921,0.484829042962472,0.7445164739847722,0.9681674302140384,0.4463531784328691,1,0.7718191127472058,0.6371374499599668
4.126770206104765,2.012886922756935,,,0.7674286430140698,0.587433171419543,1,0.0,0.9156041875146657
4.973792498033932,2.077057813753216,,,0.44986142296031717,0.8588340273682797,1,0.0,0.9229970842430811
5.353447024852322,1.5440119866351387,,,0.619474444355635,0.6509826045726269,1,0.0,0.6241680769333399
6.348475068628193,1.3355736825719917,0.20033648948717797,0.50983519266409,0.3529360712555929,0.39544066229512387,1,0.8457948452910538,0.5801580581616996
4.563479587717621,3.8370392725533,0.4426482231595037,0.5856955193739454,0.636932502811387,0.27694371509723026,1,0.753742629787788,0.6558132673293392
4.295491892328956,4.003911341858774,0.8087161349658448,0.6943955375636668,1.0,0.2466963477101839,1,0.5813136856832506,0.9075149456739823
4.87340167436665,0.650352577505108,0.593727069974499,0.4530926756148547,0.8173240949517473,0.3116692330592143,0,0.9983850693980836,0.7170210758974328
5.952070511560038,2.2640594032725967,0.41430012313989917,0.6468241604769737,0.30009879994341926,0.25039676249879267,0,0.4775866960320757,0.6481421099820441
3.122981514404307,0.7963774516105091,0.6833561717506809,0.6036153491598959,0.4007636727399595,0.3940726496903002,1,0.7927242149272329,0.9608156335923669
4.096077198946597,2.888954455291087,0.7643945023025228,0.6799973358563715,0.627013967098226,0.7653521534314195,1,0.885323348802554,0.6695353132576781
6.585507070779112,3.7164772206616554,,,1.0,0.768332381983255,1,0.0,0.7113056709938268
2.797233890901622,1.7539724069868396,0.45444646842880576,0.7715816167378068,0.38145344302896117,0.4674846673334843,0,0.9278883017225343,0.9211459315034691
2.307106715891998,3.757585458624855,0.28991739777108283,0.6940745741906936,0.9251096760784355,0.47619873538049884,1,0.647873940056513,0.6112344984919499
5.115471801121908,4.044346473642433,,,0.7335708906287979,1.0,1,0.0,0.6003982551137511
3.47534755134819,0.7903678463107237,0.5462081990965639,0.5572768401000359,0.3778738471267585,0.33732879707252883,0,0.9655234662588663,0.6749568991159403
6.264123046407395,1.2934087562037273,0.42400274037514396,0.55108839169485,0.45056816184068543,0.7707755998557213,0,0.4851592677810584,0.5597629919445886
4.408943854840724,2.4190347251186433,0.877598598306726,0.6538407245903817,1.0,0.5547053686120846,1,0.9452588327368081,0.5608209812833558
0.0,0.03742018442981218,0.057861346078708104,0.1685670034151545,0.12028363530210423,0.1240768289485632,0,0.8163040535768344,0.8555009773689095
2.5680285566134713,0.2267069715289034,0.5288874065060131,0.5326010192821435,0.20281833448840908,0.6539550898990995,1,0.9056792749516163,0.7605658753044792
2.5500332212655286,1.527155281993215,0.38496679611487483,0.4690320641005836,0.32354611694991064,0.276483904723388,0,0.9779988870619185,0.9005368812334863
2.3055270246932564,1.6818917750642042,,,0.3783912288700444,0.5941409073061168,0,0.0,0.9565278286351158
1.0566032745179708,0.0,0.22497168668238532,0.6975844470831274,0.14104650220373416,0.23080781083695195,0,0.7380284748580023,0.6080947079723453
4.0236905724167356,0.9878880406104871,0.308919947013544,0.6316106261092945,0.5315257085591184,0.7317759955737204,0,0.6608476963577329,0.9437674166137403
5.225392561899367,1.0635793640422155,0.6652248439028428,0.6253373088196533,0.628612831344469,0.0,1,0.6141267250450888,0.6708790355751757
2.5347420788460258,0.6133097965623502,0.49703771150369247,0.6787084804938412,0.23092559512119576,0.4116310287002105,1,0.5524684001684396,0.5668186022698998
6.2078921597151515,1.3979241876315223,0.46515798393683727,0.8529610843789547,0.7573776934236747,0.8627075701647734,1,0.527126133327018,0.8482251494729092
4.750643752006346,0.0805885818540022,0.46273748026973943,0.537356256119386,0.3854922198720918,0.49374557932045454,0,0.8998916661742242,0.7470625421707066
6.342268035041671,1.531340185424079,0.6406484232889312,0.5006883823834146,0.919792395558581,0.585240714198317,1,0.5565738334609652,0.7572891872516212
4.643261871753806,4.679404776561601,0.717120272494477,0.9169695470039787,0.6441961902320414,0.4516973469169949,0,0.6540665691464154,0.8827194920766688
4.594137040979761,5.306508225351997,0.5926970361263931,0.6552180730673477,0.4672100159939562,0.14325293241312037,0,0.7381295135560042,0.5775411261360729
5.204742459474262,0.5044058070725936,0.644928621759442,0.48232882012243616,0.7151624241844637,0.3489503731287436,1,0.9255207605314049,0.6375089437957953
7.224683046695877,2.4551373492128485,0.8624832776006894,0.8497438034384908,0.7918999205775724,0.48997727179508815,1,0.5334804822870185,0.5714502931510435
4.1896494254910115,2.1935375017077,0.5751381272401244,0.6864173804229784,0.6722695172128499,0.24882643471149912,1,0.479503272541064,0.891432461504372
8.912313683355332,4.096566844195955,0.6055035923028527,0.5438764136151109,0.45968075275740244,0.7278080539010737,1,0.4798745140208004,0.7244248448470894
3.3722206532721737,0.0,0.2949311626471924,0.5488164484336742,0.4186243038753028,0.4252336206120463,0,0.8378158090830122,0.839725274929729
7.770436291839475,2.110467745608414,0.33002467376782746,1.0,0.622323959408493,0.4836285904228709,1,0.7357883682018237,0.9119512202705247
0.6124378014955774,0.7894961585863436,0.23798680911906384,0.5635444059717251,0.34037702712553297,0.2679698953099222,0,0.9044663870944158,0.6931951741238074
6.4628963149250325,2.0816111492065423,0.2438923950880139,0.7939088694396667,0.9112593502745592,0.22662786410441438,0,0.6214707048306145,0.8108614765397357
3.858898512840712,2.317624262414844,0.8125574465734009,0.845389877570744,0.6439416412617236,0.8647905463219074,1,0.5941851793585187,0.9343544737578121
5.899448962098306,4.202564152403031,0.7079665802489459,0.5463839278036291,0.45749621430330717,0.6989287878040245,1,0.8923594587788453,0.6796092008136899
1.7848361249425997,0.024350833450029752,0.6020954225420665,0.4342766926016161,0.49175806278053336,0.49782901862373025,0,0.7745513868958962,0.6378673451566694
2.5799265810717946,1.8103595845325708,,,0.8445721581704311,0.3682961448207579,0,0.0,0.943714471068406
9.995766176361744,1.6175790475393033,0.9055724059190868,0.7084657114782424,0.9632182809047354,0.27540307522430835,1,0.4946538582272901,0.8340897970910435
5.930468992514628,0.0,,,0.43029420506632376,0.6396937079103824,1,0.0,0.9174733997680216
5.627807744788651,2.7866055182655463,0.9851354852336203,0.872813932799036,0.5299229506470018,0.573601246280805,1,0.724336696078208,0.5748624175886505
8.856765207843473,2.211892600534326,0.6279741945054801,1.0,0.769795373478019,0.28645539592738367,1,0.47673208059295286,0.8048092747792468
6.365212853112162,0.7997722287089819,,,0.4277282263217804,0.7703224168467491,0,0.0,0.8726858214512234
3.226428821745379,2.0278020984025904,,,0.12127619594757755,0.7834791651574006,0,0.0,0.8622818387459147
3.4359852511454854,3.8673762907786746,0.9191086566293917,0.9893760639721159,0.684249054269784,1.0,1,0.5912230101535066,0.7815402900693565
5.6173213259945385,0.9642820257564765,0.28528373650224703,0.4737863607071736,0.5295100850665386,0.35488838890717667,0,0.470862476728369,0.6407007160256144
2.520837876258368,1.1511052242538273,,,0.7691301530987882,0.6376280878151204,0,0.0,0.7073577246594775
2.7166109936337306,0.0,0.3700929134335623,0.3377114564208732,0.24635772387273536,0.5791701844964106,0,0.9246640382566764,0.8626649925198522
5.663938923393123,2.1374212891652244,,,0.34521839306005014,0.5488872839880978,1,0.0,0.6204811136739355
5.227670902679747,0.5408183794964296,,,0.6634619636380715,0.44864567538107725,0,0.0,0.6602825995745631
3.562011545052022,2.9072756132715813,,,0.7157774018545707,0.36003998348107896,0,0.0,0.7807305829867985
6.624940864062593,1.1691686600167137,0.653674806072892,0.6846933933934161,0.6122781249954893,0.2736389324856772,1,0.8313832617648487,0.6947055442540292
0.07636817330797063,3.0104337396111447,0.28080759108747755,0.3651609379664581,0.18725159312695613,0.34343200299328136,0,0.704273277291559,0.9260043296057048
7.39309831647933,2.198765281899196,0.2937790217678681,0.7993174153162205,0.5624377470057729,0.6993446008183734,0,0.7788480747863253,0.6722500383106917
5.187670036256884,0.8159140311631472,,,0.7500639699549679,0.45626192622612405,1,0.0,0.8552737009446669
2.1306735039563063,0.5231810224556028,0.5960316953872961,0.5716821642986356,0.574502264885913,0.5683439687561336,0,0.5039010994103453,0.8836775425110561
8.454527093644778,4.412521362550458,0.9902161743954698,1.0,0.5664224402615188,1.0,1,0.9337708945577331,0.7420757373384159
3.4596538349146275,0.0,0.19124547802036523,0.5819672099691707,0.5769917666672737,0.16454308891019356,0,0.5613456744737205,0.9975824332353536
4.030189770499015,5.73661181897909,0.7171810417317309,0.830431838391131,0.8119620399302747,0.8071384199700563,1,0.6985109817684804,0.9080227110684165
6.71878328821913,1.6821373551624184,0.6958915099965666,0.8153705976215515,0.2432645319956127,0.8987662219824792,1,0.6453329114075494,0.7471346966903769
0.9023983213433631,0.6847565543668026,0.253586166760669,0.22765225065694872,0.3022211583596718,0.1981915475598261,0,0.8520770740665466,0.7224337515237519
3.6947303442830393,1.7745533637084876,0.23028509413248321,0.6017904832586229,0.4739803058032474,0.5154631725516754,0,0.7953753436807225,0.8708028522807976
4.176114407565429,0.8422269375870852,0.5889413706813869,0.7360762179627396,0.7713665944345514,0.5597207389825691,1,0.9186170571109794,0.8547666886603815
3.6025987378761397,3.4392521287474316,0.7184106015853498,1.0,0.6057006174380595,0.41514953941005855,1,0.8447723772709143,0.7546846118679276
1.8482137461808534,1.2464397621884316,0.26769397184830734,0.390601505326452,0.4901809286418325,0.44248883498888714,0,0.9475036177859106,0.6300100172180796
3.3855963465999146,1.3161836568215444,0.403819099771235,0.7148924983652705,0.398225241296819,0.5425181738129823,1,0.8828390885482069,0.5861848888823353
1.421176125221987,0.9848453294542503,0.493109174073056,0.6059623033090621,0.7660710136058491,0.5601950600766598,1,0.8822885616632494,0.5585402637776351
3.273099616158982,0.8608091751447886,0.4138907807252234,0.614831683666934,0.3106275954487264,0.43476658110225097,0,0.9691782186839011,0.6901175887726222
5.398702734508105,0.9658724586134813,0.44257769318908613,0.5321515984990716,0.5936394555592736,0.6617740471764272,1,0.8728995411362531,0.7229601198834018
8.17291429632245,2.9222927373928105,,,0.7442315356241073,0.5862558925084398,1,0.0,0.5691022875586882
5.735692821707328,1.9744909482998623,0.37016788680358315,0.44922389512910055,0.1650960398564273,0.41299038490908213,0,0.6455351630736152,0.6073349205156665
2.488039097313533,1.0842895163044997,0.3484899936225319,0.42037187848458635,0.9706678152775284,0.11436686224021156,0,0.5846980770563828,0.7403763087811494
2.9877371258610035,1.0840327249375614,0.6306637284629882,0.7755802355491269,0.6057751092303584,0.6974095481672115,1,0.7638600203398143,0.8440123222321017
3.506039209950438,0.6154156112281537,0.6015172627988329,0.27127036293077206,0.6177215934900077,0.46532253911287347,1,0.5780701646336277,0.6903439021722433
0.0,0.6609664308549748,0.2872653818241727,0.43702944595891,0.28235023561416794,0.2170688598192338,0,0.6744860680792655,0.8526151758943739
7.026411776198886,1.996448871004193,0.6815582140485789,0.6333519196627254,0.7071218726476375,1.0,1,0.9880661057913975,0.7559174373973012
3.3196045621079495,2.1303509729190147,0.7978386144347085,0.8458243029846969,0.7720083345393225,0.5229916442019615,1,0.9735987444416041,0.9102274030646101
5.519223980940877,2.1437712376968037,,,0.5846262497864598,0.6748522156920617,0,0.0,0.6159689244958211
3.9230240145859883,2.777890246081627,,,0.602138081438436,0.28588785101645386,1,0.0,0.8024508961168257
5.217098834853336,2.353753501549521,0.6476087144968545,0.4737127855446781,0.26632613434313096,0.6707678998604885,0,0.7138812899630043,0.5828545762304242
6.201209774288521,1.6493132276408167,0.45822205663945564,0.754710964934429,0.6778873363464016,0.1900941615638519,1,0.5980251370213514,0.6452371044219444
2.3622780768358798,4.066446515080017,0.5071151349218005,0.5110696423723058,0.5660834178697702,0.7005292293020133,0,0.6379691250374141,0.5728055926037126
2.3072200364248205,0.5310419597869307,0.12562584412222227,0.18748444711858342,0.36008039251442664,0.2968226758493638,0,0.7602747789786564,0.9493180904843188
3.631691626949181,0.18725902835009234,0.5906136518170622,0.40559189002061524,0.5123337302083089,0.70906085462309,0,0.951826006322855,0.7467865982029895
1.7514208326355452,1.700734589012924,0.6637679248117361,0.23505099209306207,0.3064460359785539,0.2727396047275449,0,0.5237986924483946,0.6228764062990891
7.182259272916861,2.890668629996126,0.569248312901841,0.8749933093557023,0.8538700468684466,0.9761933652873103,1,0.7421218351449637,0.6623510187722845
4.64493341391059,2.8513634815620037,0.6924237868207738,0.6887934876762485,0.3825848731620832,0.54097585873981,1,0.9452476829377622,0.908216974424743
4.142753208619618,0.4242774323033265,0.7677567229192559,0.6825309107108839,0.7805011067999327,0.2916782573158021,1,0.8566031927018589,0.693811934223137
4.532451505005101,2.3838741129191288,0.6306019822825525,0.7349718584465599,0.4329833620008787,0.5178810023145566,0,0.5870399427912028,0.9208126788209341
3.082161014271927,5.570509247816826,0.7888066299967531,0.6009836901202309,0.7020856968319804,0.8109223690762757,1,0.6122492109194126,0.6868080085963072
11.008894398434533,3.7541290936622698,0.3283001422834524,0.4777068432545035,0.4785125560638156,0.47078644508238304,0,0.5005767407511708,0.7991040172024729
2.205892440060788,3.0519890746335028,0.5844476450269005,0.6477593331703599,0.9172225532054317,0.30446917419983643,0,0.6683925188775561,0.554717190952888
0.0,0.6285570096810794,0.2573318624131976,0.04997821048157444,0.14626715546643268,0.6108167176128578,0,0.582076724177941,0.8499880752740028
1.6929224070741986,1.6061472269283033,0.7571637613077224,0.6969077491116922,0.4908866793052578,0.4571330261414561,1,0.5499698101743675,0.9912565304737007
5.0161032688610385,0.6249197292773694,0.5343604113111787,0.449539805256153,0.5687190987847144,0.06473213334587297,0,0.7280239117714544,0.6250243268505532
1.153719582312568,1.6777753497833188,0.5179579547689533,0.7027018779096916,0.49823788686369563,0.9229412046254533,1,0.5387295066167435,0.9899389827170895
5.129791290899074,3.1310087245214677,0.4436497258877999,0.49906928089647584,0.5421841458184256,0.9564390252890497,1,0.632322270021335,0.9192239935725901
0.0,0.0,0.14884684982104812,0.3197651534485048,0.347931412182242,0.23025457483283235,0,0.9509218881417334,0.9275270331217219
2.9908144038193685,2.3020429618217015,0.9446638487411003,0.7774686788079275,0.3821049072786326,0.49193458440043625,0,0.900458661472258,0.9150336496063539
9.4775680624799,3.5346652258089923,0.8660912852704896,0.6246562198255039,0.9441958345380507,1.0,1,0.5494358328910094,0.8081833471221074
2.983194143393878,2.8247875660347685,,,0.7940358176972511,0.6685519152519867,0,0.0,0.780196930277977
4.696329742908122,4.122680217266756,0.8268021870734109,0.9544920144286577,0.5728588830420366,0.8533164237888325,1,0.8328614911772302,0.5900734037215143
3.296421696688377,0.0,,,0.5601706992091632,0.2829327385734013,0,0.0,0.6594019664300301
3.306087110897447,0.37395116876242274,0.5669421499758222,0.5469027815482264,0.04018800813378309,0.5315519005592887,0,0.9840791442993744,0.8349146291730607
6.737000788200653,2.692819393606564,0.8035853177114503,0.4929463841013606,0.7271334070132267,0.8122216334167507,1,0.5185367641978744,0.7458663798272727
2.7206248114587472,0.023115451896698724,0.41393684440736106,0.5809057094772716,0.38984274108188266,0.8016668099831766,0,0.5621650397710612,0.8433168398526708
6.799994609800589,2.1435387796545946,0.5690844994131153,0.853609539961981,0.9042437945810503,0.9704402937444994,1,0.7038457507444893,0.7727324659169272
3.7219111423562414,1.6577582347621833,1.0,0.9516291559204856,0.9782718429841779,0.6914698983928459,1,0.8784755485810651,0.722517192008857
1.878966323185494,0.5335940801396326,0.5734623103987928,0.07437158329267296,0.3123599722163052,0.5475648633142697,0,0.7915669961652432,0.9578767279345564
1.5811830649305278,2.9905394691212535,,,0.7185267320010252,0.5267724804151402,1,0.0,0.8042395927760879
6.094269317332062,2.6061242636975277,0.8786388840290573,0.8832696603362924,1.0,0.674934806436282,1,0.7121472737570453,0.9393509634949835
5.205537231929069,4.051284243608718,0.425581068851899,0.8120403120396393,0.7742696757457868,0.8326103010108309,0,0.5583921748823046,0.8846712854249394
6.940707419104199,4.332798100531942,0.6999267976589796,1.0,0.7749912728226425,0.5241831662409768,1,0.9699333498563163,0.5885900631177425
4.307031309601475,1.623851770622021,,,0.5564572865834815,0.8296477283212877,0,0.0,0.6436295303195557
2.6296241904615623,1.8305172571039574,0.6977658735018071,0.6310557450912948,0.18767721918297015,0.5713029669128835,1,0.6529213675334612,0.7006365548478771
4.7480289646907075,2.977892019177509,,,0.4718126588859486,0.6687177064545056,0,0.0,0.7682235378486821
0.2462253462174453,0.0,,,0.027223289044906174,0.3283914742150953,0,0.0,0.9388491478415294
2.367276136105614,1.9117523767418068,,,0.5604028368113778,0.8020711173047588,1,0.0,0.6759572081249068
3.1562091128670966,3.0607003870042497,0.7673331272601536,0.49325824196481777,0.46324106141754734,0.6304978882494336,0,0.929593476021279,0.8237317517631049
1.5945288261496886,0.8895818247157485,0.5397308560465723,0.2549565609530927,0.28815464892666964,0.19792158384443215,0,0.5876532169540272,0.8203897649621248
0.0,0.6420532572341702,0.6524914257392542,0.6581768446656009,0.32769709476930414,0.23205861569606634,0,0.9754818809586472,0.8839357060948665
9.052545122066611,4.035564171463109,1.0,0.525398303378239,1.0,0.5871276297297843,1,0.5138186619809628,0.5970725791262195
5.643215032163102,0.9520651946281253,0.8744575373912593,0.5541265110201935,0.22193105386181644,0.5543134263485135,0,0.7956719142080162,0.9189578039340786
7.314476734049229,1.9243814409470226,0.8990515947575657,0.4907351694189419,0.59296341007775,0.49588400402472205,1,0.9798376133741606,0.7827763434097962
3.8828862461513682,3.0112824306224715,0.7594279707777511,0.5721243034683139,0.8100764585491127,0.4053925533211921,0,0.8915482567426216,0.7784905287414733
7.188710994488595,2.1907285571228328,0.34515207372767404,0.9385537028762266,1.0,0.5905836661006608,1,0.5883395688819836,0.6898308262266807
0.8147096991345739,1.3239438616279318,0.5075806962541534,0.20809245902191414,0.31715242042311664,0.3123885831112937,0,0.8339139525991441,0.7370490451821914
3.195215751061725,3.7556479141603374,0.44373975786153086,0.545954208597233,0.543705980378133,0.6677717167755122,0,0.8797481922953794,0.7510636589855406
0.0,0.0,0.10511323998712271,0.7142320819588895,0.5492412331866219,0.5715340076778341,0,0.5700056117600089,0.5939984972678347
0.0772774514184027,0.0,0.39970367726105466,0.47621660039162833,0.3530912068664092,0.4431561676241984,0,0.6908230998020654,0.6491400836343831
7.637756437863601,6.480533659613867,0.8958044167276573,0.8141230858260601,0.44659454375039803,0.8507440297952106,1,0.5787904891729814,0.5540961499826269
3.6218476538916593,4.771065415724511,1.0,1.0,0.7815288921617114,0.40988616313809256,1,0.5604883348472451,0.8112187177801483
4.491871074591378,1.2216128734034992,0.005608685766062438,0.13682720161135464,0.36188006524505756,0.548675142644223,0,0.5248410154609009,0.5638384229281033
2.072637672076664,0.0,0.26790060942126315,0.8112643900451013,0.7288236709607999,0.5159668631504993,0,0.5294261019695935,0.6255953070735099
3.641594878783433,0.44783126160559783,,,0.6882747702957929,0.4180299091099233,0,0.0,0.8568265798304667
4.913980319654024,0.24785664936600416,0.5110127986226057,0.4037460827765904,0.3769165262920693,0.44326953481246023,0,0.8678756078661336,0.9898336363521276
6.459183509554194,1.5757453905220276,,,0.6766055120198396,0.7529468227967911,1,0.0,0.8910666018331166
4.93412581753876,0.025227101487492964,0.4085267963448718,0.6185952325494977,0.9100506696740753,0.4231144820502478,0,0.9722440212155448,0.640207054712424
1.7162852328997031,2.9275535019832106,0.881800106904977,0.8971145497300841,0.7765244606192376,0.5978042362757293,1,0.7814883771797067,0.9110927475952488
3.0215586646399464,1.322149940944255,0.8039107484223605,0.5004238866813228,0.281330653116371,0.17858537711718295,0,0.8760155444266895,0.6799104101665032
2.313263446752895,0.41184657359949656,,,0.7270618569565108,0.5439952971941393,0,0.0,0.9005100570124475
0.0,2.4898694918629847,0.34039892893140933,0.5275175436589941,0.5627179320132668,0.0,0,0.938547281780669,0.7755721040952568
5.647621497394223,0.8622020574778868,1.0,1.0,0.6921355773095239,0.8273825526945479,1,0.7221675904169167,0.7498466634029123
0.0,2.4059800255661856,,,0.1752114551126494,0.0,0,0.0,0.9983936424907842
4.218235526421179,4.385990357143179,0.7567443895167187,0.7626423202967765,0.2789864637839408,0.8404277916981615,1,0.8296702382885357,0.7995921977287184
4.565232642179968,1.518552293440445,0.6957909532442434,0.7520448262317828,0.08152709651731399,0.416220613978327,1,0.48572162043786793,0.7428705500928365
2.5030359637418216,1.9144288134463694,0.6726726178927863,0.8335639227831422,0.3599770529436769,0.811783997886784,1,0.7512984262074945,0.9795468567103787
5.385276370430858,2.4841299631492135,0.6603902984697521,0.44033105921595295,0.02813360993835179,0.6658545037867127,1,0.5497146026231989,0.8080639326339965
4.4998180653659166,0.9793244581064028,,,0.37432657638578903,0.833192095694566,1,0.0,0.8815834200561544
3.64978218372604,4.537021355469481,0.7962836234555919,0.6640503593225934,0.7400950126805353,0.6441991895314052,0,0.9731908538264589,0.6359741909629127
2.8294374784079035,3.9467500276433207,0.3691221348457756,0.5896622905966855,0.679248105544366,0.6484639679087085,1,0.8058461156194001,0.9869423133743361
7.060766669222982,1.5127508646554946,0.7145073936215928,0.5658560611365376,0.7732475492722833,0.45593033539046507,0,0.6325998139385112,0.6014911804500096
1.2812738412087321,1.6270011475301736,,,0.6815257250963784,0.31653951844824646,1,0.0,0.6845570237306999
1.8073200243513305,1.119080821051989,0.23653213354223543,0.5507040298965794,0.6187370427120881,0.3611857590822062,0,0.795938353582663,0.7875051083325848
4.921766759521268,3.8661133100687266,,,0.9297807791459871,0.649269702069567,1,0.0,0.5606759834762971
2.710076894374094,0.8695873698417489,,,0.3643903451622207,0.7686249937027823,0,0.0,0.8278235519421655
4.636141122807351,3.7538786906104242,0.5959299284855528,0.4352497516551088,0.5641645490385576,0.5076117630231757,0,0.493616087652697,0.6183631551381168
5.976269437192872,0.5127381631948835,,,0.43425092322268166,0.4846565999460857,1,0.0,0.6696826238799791
0.0,1.8360868374024235,0.27790013240387895,0.059924639199712915,0.06541173929409222,0.0,0,0.8748380913894167,0.7974062384840354
5.55433980051775,1.3184986363965798,0.3609021926204373,0.40912477044887763,0.5300063931425002,0.02215487511658165,0,0.9601329094402424,0.8822334517051129
0.0,1.1231475876771781,0.7527299606790814,0.8115204916617023,0.6395096944069685,0.32583045700164126,0,0.6485975487989166,0.6140311311689457
1.978989652017439,1.967471984709516,0.25080451013505217,0.668746016800084,0.8262824427710898,0.47268164948069813,1,0.7017309325321401,0.8148441651770176
0.0,2.459356963612014,,,0.0,0.7386119304522507,1,0.0,0.8693725864414861
3.010262470524081,0.7304275262761631,0.29344304331397464,0.6985560856226384,0.7333697481316079,0.3396408637046692,1,0.7311927977032455,0.5870117257361422
0.0,1.1999443355285173,0.43643847188326484,0.3914366325623044,0.3738075568930574,0.0,0,0.7958722730381348,0.6072927508028597
4.763208572088262,0.7796126801202328,0.9453853746077141,0.4547391292235187,0.5606437768423826,0.6055277484884987,0,0.6568968740876383,0.5706596924064623
0.8712558254575957,0.7290904037505652,0.6735359238662787,0.450894667978765,0.4290289026622335,0.3263228498941762,1,0.4773903868435974,0.9642119957451112
5.809728503268816,2.3115411894495974,,,0.5885962369340403,0.4481126301829761,0,0.0,0.7406859183204005
3.391452755724898,0.537396516631399,0.22111656127643056,0.4765560719268779,0.3629016712481302,0.6261414865365253,1,0.6932319982152605,0.9905453723142411
2.7823237045164615,2.2484359938746667,0.6200338823955189,0.550550922907394,0.5851656967563782,0.6679787460970977,0,0.5481067945772333,0.8811506699048455
5.587374991755514,1.8402769125909626,0.7166849724218218,0.5276877265114377,0.9031387748949797,0.36472610506240943,1,0.7947967549816655,0.5839185881002946
2.673572767769377,0.672540114578754,0.30944112599027507,0.6433410773757846,0.27506414024219933,0.9071759689284143,1,0.8533165476307811,0.633662044402248
5.557504155241768,1.3746913148691635,,,0.29741949441441184,0.24809286817222126,0,0.0,0.9951728174109746
2.4876700374203238,0.10499680159995561,0.1322947359263716,0.46137194821680294,0.4130553042303887,0.32648601466812843,0,0.9857558370751649,0.7945774560221974
4.514968623008473,1.6875568856746277,0.5347052229424624,0.4952652233788721,0.13788159175221198,0.4276702064748234,1,0.9726198596045001,0.9293486824193062
5.593880198535331,3.751439095082331,0.520419019217845,0.527359859932844,0.3255130473321751,0.3229329697878862,0,0.871858975724347,0.7895299381414433
9.622722670648564,4.0343405310470155,0.5948978752695575,0.5692958801253647,0.7594761279323445,1.0,1,0.7655317483797808,0.9747182159098962
8.338241071110755,3.543524029522225,0.4692040322040722,0.7232687887979662,0.20272272604303798,0.32722370559157554,1,0.7292484672851084,0.8334141802695907
2.268858244622037,1.2222862130526806,0.2586083066604632,0.40798184831496065,0.11446088843534613,0.010839701075378738,0,0.6146870265608334,0.8067775707976339
3.150796415740321,0.2857595056605622,0.3023965740151223,0.38289064063766065,0.2391741418803833,0.08915365282733428,0,0.6809152554469666,0.7822373569020964
5.430100042654772,1.8014323507049157,,,0.8393794506446441,0.36291075016854096,0,0.0,0.7409589101840376
2.0859433557852585,1.096839493849324,,,0.5318388760383167,0.3800362848233299,1,0.0,0.9380648743952038
3.285470622189197,0.5210880822880888,0.6839856556923049,0.571174692899227,0.25282094333055527,0.4664737392925852,0,0.7484202211090044,0.9439875855673063
1.5185937465002297,0.5380022151488298,0.31185704488197474,0.5436713902194923,0.6808094795585311,0.5604153061715769,0,0.47295838211125385,0.8346801125146518
3.9301298114257,1.96607940127536,0.432534715306285,0.548114200456822,0.38356776473377685,0.3762491619784725,0,0.7595502748920845,0.7660364388541762
5.540244195074156,0.6433316027859426,0.4735765147203512,0.6475812823598683,0.28257346428381913,0.6879121063236968,1,0.8127868518448715,0.8879548646699096
1.3649093503258238,2.5700385680697764,0.6626159759092476,0.625002271634639,0.6118672070085507,0.22575494767369708,0,0.6400273002936523,0.6707236714059649
7.048058261344811,2.9400936427221276,0.5928467259872439,0.9097606622800476,0.8499555217453851,0.6473323481126927,1,0.9703080144217846,0.7838155238721852
1.8478986849727348,1.4132928204534614,,,0.3652350852646836,0.6923415967241586,0,0.0,0.8761397712350414
3.603810069948105,0.0,,,0.7371412103508163,0.08197119656166035,1,0.0,0.9268723237966072
2.2966938051103356,1.4804737602670213,0.500674262388084,0.751446799248501,0.8290165712758368,0.6655718248069306,1,0.4580968460930466,0.8611919654075919
6.18386543432537,2.45136410198079,0.4031510670462328,0.7411503111614722,0.7835215675919281,0.45388010682033236,0,0.9071956616097344,0.8860866447038312
1.3296923804921172,0.0,,,0.5233951129597043,0.2607192312865201,0,0.0,0.6695792108137328
5.5144380156358,1.4307687831472435,0.5187112058603898,0.5765538080166326,0.5860189451787244,0.8015948156006146,0,0.5498002320368435,0.6747698159899854
4.052237840572152,3.1704247342897816,,,0.7235874480564102,0.3218893850429761,1,0.0,0.9076773583201012
4.355759934390644,2.93547612402468,0.4469242038031371,0.7106051649443735,0.7974711204442408,0.33607894274437283,1,0.5273611732070772,0.6693196563332993
4.5225361036340805,4.494153602354631,0.7375310787004172,0.4346475031708272,1.0,0.3858181394296901,0,0.8730254135107498,0.7122366793433883
9.117404335348859,2.5339208705304275,0.08708388765669428,0.9321412529122874,0.4173663730959668,0.8694129630407201,1,0.8678102184468395,0.7965694554193801
0.8283440957574033,0.842772865303749,0.5424913360430721,0.40889266667194246,0.5537018042927031,0.5234272820747041,0,0.7354988464409058,0.6609389225175878
5.494481819846186,2.183043324072828,0.702732637839135,0.6878416407944258,0.6708122250411678,0.7699834193629855,1,0.8875165135257657,0.6430370590703827
0.5557728895837006,0.0,0.5519622681511035,0.5156396031811079,0.12334538046832444,0.17257035067612733,0,0.5010012460249198,0.7947765415011603
1.2452215193689342,0.6942717399386801,0.3612839302456723,0.6795055782012513,0.525919560985495,0.391764385061022,0,0.6593853795695492,0.8046977586235559
4.920588263924664,1.7901716898918394,0.5566189369348129,0.34652066483202537,0.3503499771118195,0.4585205963558446,0,0.6936795939670725,0.7274195401756165
1.639465978255739,2.2063527968974186,0.5620010347644036,0.9362291938691156,0.040844046545042145,0.2692547072799324,1,0.5296768444077256,0.6935715474297438
5.838744174146825,0.0,,,0.7179118297819285,0.20218333887150478,0,0.0,0.7781644884221446
5.449819487804669,4.290403080544129,0.9543544481200292,0.7504987955046031,0.6994250740401099,0.4782327601211119,1,0.5614014392261564,0.6272110088220335
5.751864025789855,1.931330895702766,0.7315328140557775,0.8951857508965246,0.8283462641957178,0.6642943308048709,1,0.5778265498133903,0.5970202909711424
7.016656745568017,1.7038542688901628,0.656903872176504,0.6108102540344916,1.0,0.8261850141043888,1,0.6542303043832196,0.7237428082415798
6.022839439246142,0.8884013717689316,0.5974541587114204,0.5099949766176574,0.417890066115914,0.44560923494399896,1,0.9580457168160779,0.7240691416088789
4.468210324092573,0.0,0.4267582447988778,0.2531859173384977,0.5620478963333906,0.508740142076152,0,0.8092583829643798,0.628296361182552
1.7089994110254134,2.192083979561965,0.6244867729252745,0.45060825137991567,0.38637145519458554,0.440069799265337,0,0.6726326704471928,0.8725381971178863
1.1645558145113055,0.0,0.1499173280240547,0.5950148839897687,0.48040103720116467,0.38218884312169,0,0.9025842074557404,0.6552739576981846
3.0813506329754725,1.8726868872382652,0.2648119019421088,0.5708592380569988,0.4823986146272046,0.7507988906969212,1,0.5937810600966402,0.5935803406819263
3.0026154451529234,0.875310518309061,,,0.5171250355226675,0.22354760895679915,1,0.0,0.630335906427119
4.937209198016279,0.0,0.39895343326626465,0.3793713449311584,0.34011075269254853,0.42880167237945604,0,0.7613227667431046,0.8939515281460334
5.126702581611811,3.2225697783147207,1.0,0.9567830874508223,0.49758005058688837,0.914196839231065,1,0.7788441244310347,0.6061944105429993
6.913302551771633,3.9549453307965052,0.8622073406882858,0.6306915625196859,0.32124221630425936,0.3323664247416842,1,0.48609773348409224,0.7513571910492605
3.558151744362563,2.583405528136029,0.8887207024826833,0.2126358371049062,0.533485832750384,0.47052882692036524,0,0.46962119255714785,0.682559014918115
5.276977637000627,1.3679960010850771,,,0.35883761610248316,0.517978292237878,1,0.0,0.8454849724657352
4.622981740139115,0.7170078715649995,,,0.5359172519924349,0.4111356351723605,1,0.0,0.6603303646489331
4.900648632407842,2.5495288193981045,0.49801906593976353,0.46054464515321225,0.3963551500649811,0.6857507503938316,0,0.6277129417218585,0.6988554113388177
2.9161475086344972,0.9589755438086041,0.10175279828801609,0.2448757501296662,0.21352849557137332,0.34178880085415086,0,0.9105068007384083,0.9859761362838995
3.5142723206852584,1.3164598802302017,0.25832787492308346,0.40651203557305704,0.5776604215743734,0.6667987973174954,0,0.46071888364112334,0.8740741802881269
3.9268902419930445,4.084265845450231,0.49559648898221614,0.871593229468254,0.5082361011490105,0.27482828616654176,1,0.8836048659951644,0.7120838208368823
8.423389374941245,1.2178846732910273,0.7038218071897047,0.8678858791789018,0.33004655784749487,0.6792796844689657,1,0.45919791136451843,0.9239073235486623
1.7030786374595266,3.1868105187005127,,,0.751135142926285,0.3814566347718355,1,0.0,0.8252743079523603
5.318542460296901,1.2570454467799839,0.4787139215160473,0.42651005078978244,0.5181760958183929,0.1609873662129393,0,0.5575734174848808,0.5736496604578862
3.8958818627529297,0.0,,,0.4901535488920726,0.3761820880580498,0,0.0,0.871769550547189
4.24412327742001,0.7088221577714068,0.3177336202412989,0.4961243049324203,0.3509380081127448,0.19129237985540934,0,0.7722414793306416,0.8071932403247113
6.546388687323024,1.6693233939719434,,,0.3514840230856643,0.6556032300275503,1,0.0,0.9192380751309399
0.0,0.0,0.11784313812062311,0.12004027192747344,0.3867945326288272,0.4259294649537625,0,0.5238756206153111,0.6966019014535786
5.047576153294929,2.7850443273631327,0.45532192227227253,0.5234067206516981,0.5414940189082551,0.4596973195373169,0,0.9336403641503461,0.89581865865176
6.841887218579785,0.0,,,0.5747477364384685,0.6160726841690615,1,0.0,0.9411928463079187
2.7216547614660054,0.2812882045890007,0.5438771993521846,0.5046485972916056,0.7843975887584924,0.7432519079934656,0,0.93059060121714,0.7081623487052712
1.5685367871446616,1.1633054830532363,0.3522809893259874,0.48498729859467893,0.5211739354742756,0.2808638050592468,0,0.9183700543214806,0.690944904729168
5.5720966737533395,0.11226047986089416,0.9590816897519614,0.857200545663432,0.4410123726662849,0.532707600015449,1,0.866583011012418,0.6856298973763482
3.5438121975004173,0.0,0.7582037682129046,0.45141726968192575,0.18398794161336463,0.5052088057367963,1,0.8087729222517736,0.5745493257004431
1.9396760149288759,2.4928234826536206,0.19278787011388887,0.4144012556794761,0.3571780214152129,0.761380548572091,1,0.6500304500450568,0.7024095331861762
4.143117224341444,2.9592521674246663,0.3627090904822591,0.571060523234509,0.16823038085682152,0.5071461711065701,0,0.8435564400359462,0.9098644668644217
4.026924219654112,1.6634520603924137,0.4798037379404273,0.27860824977531967,0.4122169880648119,0.866302076422167,1,0.5560632888876161,0.5695817426000156
5.801245264578477,2.59326537473373,0.4740451726355417,0.6802103448726395,0.44629361911277754,0.1634249381073738,1,0.6315562037370264,0.8902111459473596
4.734832192928895,0.4781848052102271,0.5105037359088938,0.5665612026408274,0.5595380924614496,0.7825212762622411,1,0.945266136022467,0.7924162825948651
3.745348315119559,3.026032238761352,0.9582096979053489,0.6946549281612786,0.8211931362694697,0.5961181859375494,1,0.5543516646924983,0.6580708411955825
4.209092976482934,5.112622490717563,,,0.6513351542771186,0.6807552402631705,1,0.0,0.7940527054930632
4.050626175240206,0.0,0.3334122222710429,0.7390765047417147,0.5289589543435742,0.5331921388539428,1,0.7669942704791155,0.8669876784083349
9.35668484130447,4.327595854188914,0.6758421649446373,0.696409293400198,0.7939402791500382,0.4945815254353007,1,0.969672722422813,0.7882633297152797
3.254678001099279,2.465084958097842,0.4163557277824941,0.523319190464214,0.44845626407850053,0.4004180507831976,0,0.5372032501717365,0.8552386420993794
5.549687252474712,0.12244116432868268,0.4176377594571116,0.425624902827637,0.5380223251487506,0.7538504886601205,0,0.5578524686353444,0.6698750590149594
6.211046853576146,4.211786965732467,0.6502324987305106,0.8686479724281932,0.6081912638070271,0.5040715965171765,1,0.5279007148255767,0.557126864404977
5.896625698317524,0.8719620898368747,0.613183539418228,0.6503454279468753,0.6933752072894931,0.5783091274202063,0,0.9340268667667692,0.8689547750325601
3.950558814220553,1.787785795603204,0.6493039006803891,0.43067014258857317,0.7600738199662345,0.36982628037996496,1,0.8440155436493346,0.7801768592694552
6.928711453730398,1.5090492409463372,0.777313760824135,1.0,0.6674941662856955,0.7991513993059434,1,0.9754239762884369,0.5830309832120321
4.93342274948443,3.3632114658995915,0.5255608454687569,0.6358775639220802,0.6892260311279703,0.29467055438808126,1,0.7420832784128187,0.8686142639950235
4.036898614521842,1.2420118081082938,,,0.6343684316383291,0.4407496862361462,1,0.0,0.9124878991752585
1.493928715876733,0.09570440635373445,0.19762762616080465,0.6499786379512067,0.402719985526373,0.4817782964896169,1,0.7433015545036155,0.6720742462791975
7.437881363798872,2.6958966401188555,0.954994864721674,0.8856693719902919,0.8011024167389665,0.6736614482756926,1,0.887173373761116,0.6199363934855918
4.5860626857882565,2.267641673330157,0.667599656726229,0.23269301668986242,0.48419491676804416,0.3978250885859326,0,0.9779114010333338,0.7762946359802259
3.5709930129525778,0.7446896114974062,0.4578592171371755,0.576035705967517,0.4905510551061349,0.3648954081800384,0,0.9279477737197032,0.7583594326891548
4.238950304262868,1.6966705935018338,0.7142669776936924,0.7391202573216336,0.6863503023948927,0.7830888085101285,1,0.716050322988522,0.7982232305517528
2.323991636116091,0.5812962769891972,0.24181462810671026,0.1568727861676157,0.44425464685176597,0.43029661772873273,0,0.8765052832379894,0.7339344247957822
7.657801690383364,2.225666603318958,0.9659691684818423,0.4953322972230312,0.6106009708175691,0.3447876401602915,1,0.9050690321350894,0.7870843288700324
3.197447221893751,0.1600904993422606,0.259739246253195,0.40719023525469633,0.6011709453630871,0.4280326835221554,0,0.6341812720560682,0.747944803998386
1.8931188127776521,1.6640541990784714,0.6074353675537673,0.598864989642771,0.6600572360136185,0.36489026188140117,1,0.7734392982193641,0.5992124820606606
5.968237010125543,4.7918186694917955,0.76657494119468,0.7752777732926129,0.435735739881807,1.0,1,0.7096211015706219,0.6262586913858381
1.4080669318918382,3.477940608627959,0.5234336366646611,0.7351146287756982,0.3633330827626875,0.4181231220831938,0,0.544789721682301,0.969314343039414
5.630407989714814,2.3201513667215083,0.969858890952316,0.5223291164867486,0.5588516983523836,0.6525481826508295,1,0.8846373461834494,0.9637930492649154
6.586985815844677,2.0549394139175536,0.6800925580051314,0.7736482678419783,0.6707566740020161,0.4991749620878557,1,0.7887372765152874,0.837103999817976
3.609248136829408,2.6271803864680088,0.34704851022037503,0.6631502111789267,0.5191157662668479,0.45787028844496963,0,0.6303031636934152,0.8681513565364392
6.820520679703131,1.6735030321802926,0.8350958249288154,0.6572349651848424,0.6498694625041184,1.0,1,0.7475409763040417,0.9782712668067315
5.832287102275992,1.9621366302247243,0.5410531929089389,0.7870050935442024,0.8924390150437819,0.7307308267738319,1,0.5180250841467627,0.8263724899030984
5.4220046799131945,0.9590349907908504,0.6485001148841456,0.6850518258029387,0.5121152183447445,0.34463590234503927,1,0.5057152493452814,0.6002554192554839
2.696990165455285,0.37083639907416877,,,0.4752109933305965,0.36063952079559836,0,0.0,0.935387340612553
3.0773927631159284,0.18713902116828773,,,0.39764130795904473,0.07148691828065135,0,0.0,0.7350059569302156
4.011534532117069,1.5923741334422208,,,0.3924790470992392,0.5189881281075694,0,0.0,0.5652790535350865
5.137137832652064,0.6524000092283035,0.8001215126127194,0.9009017714574489,0.9152488378729634,0.16721518238804445,1,0.5746692928204156,0.565807491963768
3.578784608850719,0.39288041370157767,0.22258840862825086,0.43181765372338476,0.5217228801675119,0.7780174140984565,0,0.7871522156961455,0.9993699808378138
3.989715811226199,0.7246962994680306,0.567234966454895,0.42910499950522396,0.5727659089496616,0.4921004169828896,0,0.9476259804150147,0.9681642193162014
4.601731990292307,3.036088507623298,,,0.5837611704667567,0.6427933968294747,1,0.0,0.8563374180111505
6.822254810043544,3.453286365443942,0.7629465667612594,0.47668827707965467,0.46770117092580676,0.724579052783402,1,0.6731542443111593,0.6391867494863951
6.2453356628132495,2.0362521605162613,,,0.7403870434724193,0.6901194883361697,1,0.0,0.5530687603139818
1.359725666642808,2.575318783526658,,,0.31683810819241054,0.08222995594963828,0,0.0,0.7728750414135912
5.189480776091526,3.970090486165906,0.4218351229998988,0.7796977510483499,0.7477326605889622,0.3942301700680123,1,0.5313511551843579,0.8006353727271273
9.786284241192256,2.672866964345922,0.42491367484342235,0.6051283860513176,0.7370930900403849,0.25321643834597807,0,0.718392746219072,0.7370061264554141
1.9482847693529886,0.1651581877761476,0.24320345817887706,0.3572792264775038,0.46834361068045033,0.0,0,0.9866736923475459,0.6353522064219035
0.5866729366103156,2.44943999189446,0.4845335473454281,0.42098888803572404,0.5389609134348294,0.23456039157209374,0,0.6391844355304295,0.5800702719367923
4.479997309189485,1.3312159086715005,0.7180020845815835,0.808479899504405,0.541434231798512,0.8193798265306617,1,0.9545023161897994,0.8437136217584944
0.7149788653430229,3.868389958918737,0.7810042696485768,0.40159816682254645,0.36380245946072953,0.5291146385661324,0,0.7056865708409474,0.9065298122992191
2.5361270164248535,2.9043626541246272,,,0.8945966675666961,0.5911923690712737,1,0.0,0.754219394466442
9.169725423400756,4.723251299778616,1.0,0.7005408468145963,1.0,0.4420373810723499,1,0.8466543721408628,0.634438226808568
4.972747687633233,0.0,,,0.2860497994260584,0.43282342370432403,0,0.0,0.8313017583113165
6.113863411550957,2.3917355782103185,0.8789928482114515,1.0,0.4020006779459976,0.9469834153673967,1,0.967537501092899,0.9882073043806388
1.1564333537339073,4.492103111275867,0.11061063494067003,0.4005699366041185,0.5910319762719976,0.11849890908805799,0,0.766783940664842,0.6489052532345061
7.6248511010402,1.9807313379548306,0.6025985132138177,0.4560608013937958,0.65211187904243,0.8565732940074184,0,0.7138112137208734,0.7453843796116726
3.3383091482266494,3.69998079175949,0.6785170232779154,0.8558165706419847,0.5667554048052876,0.5281131022433563,1,0.9242372722792074,0.8135698548142425
3.084119044562453,1.983637469493834,0.913854375550614,0.6966727561085294,0.9270175706268586,0.7922685072741313,1,0.7624458628617676,0.8684987335467904
3.9666846842805485,2.538344682213125,0.6696287852808911,0.6077586501543806,0.4109117996123792,0.6595284165284943,1,0.5827516745759151,0.708922218273688
2.9953481645050894,3.000557014881561,0.629685132923406,0.5931462517487768,0.4007267289924754,0.48027396471088385,1,0.5165643396292198,0.5778883286745627
4.20052624075446,1.7580101761594453,0.011215292110349717,0.5741494931994889,0.25427881996944823,0.47534345463975725,0,0.6249592759966437,0.6886983704779007
5.812383608992795,2.4747156469309397,0.3787708644368654,0.647783841618746,0.6604678980292631,0.4736955383577824,1,0.46697075725457515,0.9356495957914271
6.791619368456091,2.8713114771246193,,,0.6818789418037748,0.7585584567308503,1,0.0,0.8647350641344987
5.548006564333994,2.5685416159870975,0.5980677264704131,0.7889661896930475,0.8757972809696157,0.6356562226867715,1,0.7898740001801909,0.6875866189403189
0.07706461941953546,0.0,0.6469905553309905,0.46101200544250714,0.37421940363287076,0.5022708080655387,0,0.5273385969522639,0.9422114194862059
7.3214472185355035,3.154295377663252,0.5802989959055499,0.900438108959072,0.5894800385604055,0.41360102383576275,1,0.7304193295314106,0.6219162881186888
1.1592021632402463,2.9675179011991974,0.6854450870593973,0.8479075495886004,0.9473437037239492,0.769978337546952,0,0.7082674912945128,0.9012782297502383
4.894207260132577,4.051239310540044,0.7313192798210707,0.6878397677481596,0.8288643549509687,0.21413675753296413,1,0.7366689307211325,0.6674176886598489
1.1038704824387962,0.05914098052441717,0.21766458458467697,0.025591821447337293,0.3835099857160478,0.1515114711451273,0,0.6217718700344335,0.9579184010336361
2.230058084859448,0.7515445627174695,0.66531740084318,0.4623912708189775,0.6473654986088642,0.5960908628988629,1,0.6570225575545844,0.7903457058934795
0.5425875703275742,0.8871356773238934,,,0.3817279122236224,0.3489258787087113,1,0.0,0.8033278991399577
1.3295590346955484,0.2664393660391575,0.6768671822053273,0.8869979835385438,0.47426610689765414,0.8155910777931137,0,0.7385748351691449,0.7141147770155516
3.148246407251374,1.9772833146696835,0.574277370315417,0.4907784477014831,0.6594675295490575,0.28244156348874744,0,0.9773669280168515,0.9839441150605439
0.192338156202847,0.09941281988200867,0.5243804028267369,0.4309702515150504,0.7641400141356505,0.8148369273460372,1,0.49457202612896933,0.9932600968500546
5.235431466211426,2.565328966860079,0.7104073187090447,0.7306581051508818,0.6583911492432993,0.5868686563253466,1,0.7872512924506593,0.8286108529595781
8.410428353847621,4.150521314665898,,,0.7018124960003337,0.9522652657054538,1,0.0,0.8283873744290907
5.800310054061304,2.600251314886503,0.9380732663552804,0.6611659881126615,0.9004192514850494,0.33654231012294467,1,0.49238742957031073,0.639499356848969
4.795434004001859,2.874269002982681,0.40937993103168463,0.8781065489469935,0.6974846196141267,1.0,1,0.9926874551336335,0.7466651571653662
9.5504933168592,4.013911394456144,,,0.5245377178580668,0.35690656497969975,1,0.0,0.911447995310158
6.342117839554604,2.652180932906556,0.25683202421627027,0.49227526555384443,0.488340227011355,0.5164081534206535,0,0.4766922794147319,0.5602451827963837
2.5540076124050812,0.6824792484884803,0.3095465066647149,0.6406748515154918,0.3877959413625741,0.4321637591974563,0,0.9576666297304639,0.9414625951391952
3.2856872635139074,2.0646600562987327,0.4296878984104707,0.7693975879295323,0.6886861754554096,0.48928187807300066,1,0.45371323087293064,0.9152699050145254
2.2685042095691044,2.1776541601293986,0.5288709299468383,0.6156025409173823,0.606208916192885,0.7586655564502202,1,0.739071998357224,0.6020337864189214
2.9311627196746906,1.585557925260583,0.17814095629493956,0.23155672474451186,0.6933171985810449,0.4036427032601318,0,0.8409366344364497,0.8130734955668626
1.8145278063816166,1.8064549546797126,0.42128161952690285,0.6557947666815263,0.5915311336359893,0.6369312773354396,0,0.5839203333288483,0.8381323739182799
2.3194542445618165,0.0,0.3666631187280981,0.36270712809002137,0.34804269722234443,0.0,0,0.8923297663085579,0.845849297884715
1.512149927197284,1.6246088525091038,,,0.45569713172170434,0.3891196894268339,0,0.0,0.8463747384047438
7.304255829101329,0.5756802464880542,0.8759126168731622,0.6918895010915922,0.4420212267593078,0.49124505969051024,1,0.8024383519303122,0.6954048888306463
4.796176243484103,2.463859187600556,1.0,0.6842105184994425,0.7365475938761905,0.7229287749505332,1,0.7087759028769319,0.9758034821497499
0.6208073809522987,1.6490355024962935,0.3771659808030351,0.6839727544544569,0.2799496844864998,0.19076017035367188,0,0.5871486291310071,0.6296033677294933
0.0,1.5232889682638209,0.5543376355624914,0.20081446477356296,0.285563709099925,0.19344142159416788,0,0.9576135885225041,0.9695711781968578
1.911962236203025,1.6873746141828485,0.5170495801349474,0.7982265972617699,0.41608774896465023,0.4036696191589408,0,0.735620372845242,0.9599558921530608
3.2703192312444966,0.0,0.4094664783918275,0.5905830612073609,0.4413804854389589,0.8661842955820152,0,0.6620517136651336,0.6806497252530092
3.3761309370663564,2.4236424688849185,0.47067672578421177,0.6136990685507285,0.617552068021262,0.5365660283003915,1,0.6777555878132463,0.8274680766302718
4.65102430799244,2.1624553113588982,0.2935013544115279,0.6340375166649945,0.873814180588022,0.8369983276541418,1,0.9156857982039128,0.9027893519757124
5.383473344828725,3.7896964464682763,0.6098307062234224,0.35781461681351684,0.4636965152489298,0.3427950918811859,1,0.6966645814467122,0.7099610697138807
6.664590515935114,3.3932787150308794,0.5891129607158684,0.9188738877515306,0.4040578948044252,0.31275715770051576,0,0.9369460901556217,0.9785980892694037
0.5090545641701807,3.363958791671324,1.0,0.6849686455970423,0.28815053014777076,0.3318628422300839,1,0.9842031671383145,0.8859247057050639
5.617116149876688,2.431255229984259,0.8679488505725561,0.41011265148020415,0.11337975740255446,0.8010623151036351,1,0.6784126236605017,0.6041701904014912
0.23200039672941397,1.396513301057255,0.8390037550764069,0.8434332992447593,0.7381720647741787,0.4028899560903305,1,0.5029432966455296,0.7163077816130444
3.469335578962771,3.236612897652758,0.6518346548771602,0.47519332684253074,0.616586230564756,0.5572727933565877,0,0.9371725263347586,0.8381029044097622
4.555623251211952,4.2701873563185035,0.9780828775442695,0.9402063495045101,0.46692071489873954,0.4265153882362692,1,0.6997406847977807,0.65678833629974
5.134551221124616,2.4771358552608578,0.6884503378405122,0.29305534225944885,0.5640164573518769,0.31825060116711384,1,0.8199901660128008,0.5714087288473213
4.0683453371130565,2.267670718752541,0.9069318650569121,0.5823384503704818,0.6123558022663285,0.8282379366647932,1,0.5660277857759545,0.8262776027048981
6.665088403991204,0.0,0.2448574671538929,0.4917598304010047,0.7582334003537973,0.7731961241686307,0,0.7887616514930409,0.8631759055785204
0.0,1.96929280041363,0.42922271183976984,0.3054032544222562,0.5647770930197311,0.21730816499653943,0,0.45864037085900383,0.7498229139844957
2.9349160091263036,4.429980834228665,0.5549925430106658,0.7098929224818455,0.49568648222936673,0.5043784736138255,1,0.7128966976284274,0.5553899529195495
1.7611907967357985,0.7347333454938891,0.05527061786071602,0.31511601873635736,0.5726896775534663,0.013436598317747905,0,0.9312615518388476,0.9116260231824611
3.0103403575235537,2.348347804731274,0.7564968408157929,0.5662371585775376,0.07578903002232118,0.13698004424163446,0,0.8305680826588073,0.6873137608081814
2.705199972216779,1.67302380272145,0.3602008689559848,0.42425198701336597,0.627351033440909,0.2900548988130688,0,0.8510297159204399,0.9726672084958119
7.130004892738146,3.9172874906209687,,,0.831365815820631,0.6457990512949152,1,0.0,0.7422676740754051
6.903104892598604,1.2218195422781368,,,1.0,0.6375970262668832,1,0.0,0.7714973345363808
2.04881114839341,0.5394097912879193,0.30446281971024103,0.6047760768637479,0.32041759499609324,0.42097182986218185,0,0.83236808689226,0.768148528338571
5.639918652799176,2.9354814710742314,0.9415070918367366,1.0,0.6024272577367384,0.7098993223973555,1,0.7565619524842465,0.8817628505646415
4.288263904619901,0.0,0.2832462562758169,0.5665586218911833,0.6095907240795165,0.5725688701055225,0,0.904209085125053,0.6875735298039327
3.365814598503769,3.0511725818841775,,,0.7112587689969835,1.0,1,0.0,0.8603228981908055
2.3021112309139964,1.1288495750206875,0.6730069019649213,0.48079833504070935,0.566629748370174,0.1857500409777394,0,0.8334464147227401,0.713105868835181
4.63296316072581,2.0913113197605426,,,0.882733755224312,0.9740088316173834,1,0.0,0.8529832809508874
3.867199679965697,1.643837759119584,0.43154418593271815,0.8813550960845384,0.610298668411649,0.7924325351509237,0,0.5817967236051993,0.9957488414779505
5.04661699674598,1.9160439981441815,0.6021383442759126,0.5662868948266961,0.5672232748938324,0.21671081701378114,1,0.8144075762900413,0.6499250965862985
1.0417519755762972,0.0,,,0.6010405928311708,0.24223018220758472,0,0.0,0.8004556047843845
4.756912463772676,1.6004474491318545,0.0,0.4453683116178557,0.8781349037642612,0.8451570897551737,0,0.7938830094045317,0.6579707859145152
5.187252863206183,3.9586843229643494,0.5933931199945764,0.6707371899556535,0.5047149880205956,0.43582583704540356,1,0.5240112667509761,0.7173977036101815
4.057630105157035,2.1750286466790807,0.22005742018238528,0.4661384264584562,0.6943348372300386,0.40168561685855014,1,0.47009057965552337,0.6465114002460983
5.321835857148339,1.3697807134116018,0.5001302785049401,0.6854904474065303,0.28216771995376705,0.6919564223722801,1,0.8140581980382475,0.5588935745593884
1.6843572415094572,0.3731980564868904,0.21644703456246922,0.1665581897145837,0.3170502723537008,0.5173431929905808,0,0.5174421903789601,0.8860168399734237
4.99280859697516,2.9121543651406094,0.2950464179269609,0.4079052194072011,0.45743526589106026,0.2491118475804085,0,0.855285172072918,0.9820741400580499
5.756234534092228,2.6004604175952473,0.4734391707542329,0.9420279479977405,0.6782636499348248,0.5551725610366218,1,0.623447321522161,0.5580903385885372
4.564111993982588,0.870811729319911,0.3064257319973912,0.305005450871349,0.23439230461273608,0.4220982598465576,0,0.5544450674852653,0.9994940716634478
0.9881407316575355,0.0,0.2597089950351722,0.6170331380304236,0.5372806186364935,0.7247705476033306,1,0.8898641412811481,0.8368544642602072
8.27696168527891,4.5545375135500485,0.5506264132239846,0.4530517617053399,0.676332943588748,0.36235048597337904,0,0.6050322929945269,0.5722040723754572
2.74242404098059,2.1946679352845297,0.14369546409042738,0.5260934200321653,0.4610220068041675,0.4933188875702303,0,0.9256647939392386,0.8645433663300851
4.386772361892092,0.46918569284308154,0.5980146434877572,0.5511531023012656,0.7001266231217724,0.49370287368617033,1,0.9220788701490328,0.8110979316951784
8.582099502917586,0.7046114530421943,0.8300881356170127,1.0,0.3819606155829888,0.7690750522996919,0,0.6283347233513702,0.974490851824277
7.0167440080908285,5.055175590875495,0.7321477850572462,0.9317354097917483,1.0,0.688198503292318,1,0.6237078903845057,0.8038691300995581
4.952168007927135,3.2850750760140697,0.4983281826047813,0.9053857910316192,0.634333731409117,0.5623717610189171,0,0.812930942297668,0.8069578922665424
7.070623120963313,1.8966447210611963,0.5336756897019286,0.48570101657195897,0.6323058786102304,0.44333464105701614,0,0.9540444794501417,0.9809826998401823
6.662694895038562,3.2922687686158794,0.6775542136024274,0.42414789731993346,0.781448595823177,0.653115204347024,1,0.5446131577897797,0.9093623851666117
3.2307552513882642,0.33615932926269654,0.5151221956351167,0.44251420538519926,0.1317015658574862,0.4481055783640686,0,0.7626726349309982,0.6957755844490559
8.54657980643432,3.926422821451104,1.0,0.4006292882253841,0.761262458869397,0.9380584764075909,1,0.5864293248489978,0.6799947167748549
4.285810424139774,2.604109444506122,,,0.3870144803666037,0.24996217514647956,0,0.0,0.8170314155875118
4.086086310407717,0.3777713488753274,0.4247833127111358,0.250520402622129,0.7960679868648487,0.6321365259389908,0,0.8048815940219779,0.9549649484826175
7.578443145330567,0.1338590117948799,0.47330349516515957,0.834722612992278,0.5941688644735116,0.5354981402037624,1,0.7015422179029205,0.8753714348458108
3.871846896075356,2.3738337418415374,0.3446426621457682,0.8088969474614008,0.416084344849248,0.7308442391249421,1,0.913313872744657,0.7860662489682256
7.114917262198122,3.8345099041965414,0.9078413327930155,0.6117477255341879,0.5034432767290731,0.5683178909199822,1,0.8702849715393701,0.7124848008293614
6.059428090179455,3.5418374323818362,0.5996817839843098,0.8846370152219897,1.0,0.25072523501817773,1,0.4775445959493031,0.7100088870082039
0.6189382941070791,3.5758327825374687,0.2363675438748956,0.914322437150169,0.6474916681456075,0.5436111349382144,0,0.6586659517854656,0.6732333206124806
4.095698369662515,3.007183060891924,0.37623248598623954,0.5661640743616969,0.41794964993649775,0.49429229957014414,1,0.6608637781911576,0.8012478042562565
4.954833917628811,2.266231057223749,0.7451995650504629,0.8149169158759528,0.17397679714453773,0.27592825365879564,1,0.7738553266847229,0.8964666213586806
4.149936177538244,2.102242674973389,0.7217874176132761,0.4735877790443051,0.8924158493955838,0.6754497611547428,1,0.6897288211928808,0.7334880828032813
6.3859352374812195,2.925048329267383,0.9044311976659496,0.46215892983240947,0.34015477889633855,0.6990826366886568,1,0.6908465620295503,0.5849391078131222
4.552366139415423,2.3111413241126173,0.22541297194402038,0.6904225102473647,0.6198320002630525,0.8240214722127344,1,0.9643804334152728,0.9338995552063484
5.791936769169847,2.6791996137887013,0.7937506881719201,0.43731831167104596,0.4015015232809469,0.4653178413599114,1,0.859861017072063,0.7979475875942494
5.380181809713868,2.668401622502667,1.0,0.6224790705936247,0.2405772151366214,0.7828986523134843,1,0.6289883432655843,0.6465674570698687
4.370086036438681,0.5080551221299223,,,0.6074120984090482,0.0,0,0.0,0.5520295905339531
5.991941710970398,1.6654973684388146,0.5959297409920739,0.8413112024233983,0.7649209361160985,0.616116158052419,1,0.6029727959575655,0.8097852428009642
3.145007661113822,0.713893489661116,0.45924182866448854,0.8551863549344376,0.4101162261700717,0.77438137094313,0,0.9052965356161895,0.805803400857786
5.373176466614516,0.06479887026563702,0.4393035726989135,0.1616155429953371,0.5680341463740266,0.7330708730862334,1,0.765607206385674,0.7429422961000176
6.1359029675132994,1.8459351014619396,0.586067769376788,0.3998706188173782,0.9528567493208457,0.6063598296736422,1,0.8746687587377403,0.6167781798431152
0.0,0.0,0.1401269147055765,0.2844051044200678,0.21296320646562714,0.559550213345551,0,0.835568218940599,0.8019288337442659
3.13530771580952,4.15904274037375,0.6523891058288303,0.8788253045899931,0.6302262050775725,0.6414669477687718,0,0.8443163590694912,0.8808963365051954
4.114856032496263,3.3565921199207835,0.46517744197492905,0.911197026069252,1.0,0.365430918013366,0,0.6722645796756849,0.9366460408344814
0.0,0.0,0.24151454498710234,0.3370070989577674,0.33137625882312505,0.4594665057876197,0,0.6279965873363262,0.982688266162706
7.164147216414854,0.0,0.6099490607552561,0.5868346331240828,0.6217125868700693,0.6100698403429301,1,0.8907839898392467,0.8575934273729351
5.712270969509596,1.4761743030698398,0.9400793128498003,0.8150942307059525,0.7038755741505798,0.43053139314346295,1,0.8972558622389507,0.9703309153450227
4.455894331339699,0.6544979880075801,,,0.37435662674985015,0.5041210889532668,1,0.0,0.893598594837868
4.612597493226827,3.8255631183732763,0.9075924129342474,0.6854630976964948,0.931858750027039,0.7422365302852176,1,0.8340088805870747,0.828881695020324
5.020245995000843,3.1645306786442484,0.698882146375889,1.0,0.9447144407511557,0.6122295708313378,1,0.6111355063871092,0.839907093317084
4.855943540747344,2.720771099232411,0.6865730632932107,0.5927681625917035,0.5089343040920367,0.46995730411399467,1,0.5938705242598427,0.5777890496910807
3.936650331316051,0.2760591677050769,0.3032473888212439,0.2649136934914489,0.47910123084155803,0.5991055340455973,0,0.5968461358695804,0.9044997499476402
3.642863205161957,2.0870621278955004,0.49761782342635896,0.6148322747696335,0.01510346107205629,0.6795541244157548,1,0.9252430985165998,0.9026599051592189
3.412722702278033,2.0216785041603025,0.6811796975185634,0.8270912104644143,0.8360850377927231,0.6020347055745319,0,0.8787754523588946,0.6557080182932644
1.1308459120783496,0.0,0.4147275694175744,0.3156769638041521,0.5737911812858383,0.4013164034368697,0,0.7025662019115886,0.9172643928038275
3.3232096994286024,3.4009384163730916,0.4992466207223454,0.8406167348097762,0.9044684319353937,0.6885771267189306,1,0.9310411517280541,0.9195550974528617
4.591512534225698,2.765193753318089,,,0.6238632270809156,0.15365651127393154,1,0.0,0.9333770176778231
3.4890884637908006,1.9394515801893921,0.033772742462461924,0.44585427123297394,0.4069378772587975,0.22081274424180178,0,0.6716738365698026,0.8765907437292746
3.4383688932918814,0.0,0.4899586130572552,0.3757166041211647,0.3081965003527314,0.11355335270897476,0,0.9432699542723815,0.7132755240461855
4.287211522609219,3.868880551075818,0.5341227182304509,0.5838886196760449,0.4819330842915235,0.8579436320629069,1,0.5146365898995581,0.7044917318596989
5.8387036520430975,2.6053302320917946,,,0.8484394917196775,0.47154440765168953,1,0.0,0.9292944973801941
0.0,2.138421457473986,0.48372354399739936,0.2570025089695964,0.41725533288982636,0.046666566720998504,0,0.961826011142302,0.7025801912781431
2.1990515420974646,1.821020034455192,0.5693245914465905,0.6927513500351892,0.7638167309098535,0.7018702632432576,1,0.537946398522817,0.6697768908734786
5.397807702334552,2.33195212795215,0.7955926210132136,0.4800949705396754,0.680943913178361,0.5489936039607665,0,0.863597105411622,0.9585486926632792
4.93540238804683,0.4770414724062575,,,0.42707942832323764,0.6762246160511121,1,0.0,0.9089298311751808
2.4414082429659327,2.3870376011882426,0.6934201138680527,0.6367538661138896,0.2890334346394583,0.12842308966925214,0,0.7842289834441434,0.584148182366551
4.152995546207057,0.0,,,0.44803419950317513,0.2486265685132935,0,0.0,0.7146275738285363
6.94714062481948,3.1831248287659233,0.5376977065387576,0.48985016857132857,0.5728012149872462,0.3807175322173133,1,0.826570960904738,0.7680729894291818
3.9529684897838004,2.0150948099628203,0.40937428376309026,0.6581251207900725,0.41167508581730733,0.3448766442568261,0,0.7686275565872773,0.5752808442800585
4.916622465235163,0.7545717652749737,,,0.9425478282847888,0.33039763424595203,1,0.0,0.629990027600023
4.98869770488973,1.5519404908683079,0.6384975463581525,0.47413398934390283,0.8677351541016566,0.6952658887043928,1,0.9064191673326545,0.9356665631899626
3.2526939462927142,1.7627576799892635,0.4772747486156633,0.3843602406319864,0.7601218949088107,0.26325765559362396,1,0.78314426285927,0.6437410602513739
0.3374351424913449,1.0923211613380919,0.6660127408871243,0.5860868283766533,0.5265665789274442,0.14725880334107194,0,0.681255300962865,0.5930623824834138
4.541908114211171,4.711784542253337,0.679902368834994,0.9117449559687016,0.735071172479737,0.5980710814322033,0,0.7433045122957256,0.8999399311990663
7.764875108432536,2.6249819674018666,0.9063495333442884,0.8017465518411907,1.0,0.4083526981360308,1,0.7657238691715038,0.7157742768182833
2.9976350631354376,1.4098863646169135,0.8057681398980261,0.23195693495573444,0.3854502807241957,0.5422754718179742,1,0.6493437691345099,0.687672878157874
6.356203685827834,4.388271230465036,0.7618266887621231,0.7528472529552702,0.4509321933297791,0.6549434111281223,1,0.8415318048562652,0.7208522925856864
1.377807341653142,0.165033918366849,0.011535250031703193,0.3950027387592015,0.3700370461623045,0.48718121007523013,0,0.6484423777159081,0.8623099353517918
4.582024516571836,2.5356543980076727,0.2821799565354539,0.4564078216555512,0.5290984391248877,0.5455780987927664,1,0.4723164110691324,0.5654906164952098
4.011364836079107,2.8341733548396175,0.5527939117725854,1.0,0.313400543370791,0.6083318966851796,0,0.46544608581555474,0.7220155289633762
3.967023955612885,1.2937700768665765,0.6078527402393099,0.45720990701212216,0.7944307673804947,0.5020500557458338,1,0.7535046695865655,0.734722161136291
4.452087952285352,1.8265253654766602,0.14206472586766453,0.5319916957370125,0.5961302334942918,0.38022587561856463,0,0.5797640876836543,0.9288982568799099
2.499414331094256,2.8710949987362984,0.3892869132313865,0.6975477178891772,0.25456149754498636,0.6100893114116004,0,0.7627533851535252,0.9833460896902915
4.965073491886979,1.608547306270178,0.5734762209474137,0.321552653510638,0.03500046716297012,0.4487887802035934,0,0.5515947889784393,0.7191546359480591
2.1436573436328645,1.758975337819325,0.2572729493087136,0.3620077905773379,0.3776947561408873,0.16645881861836676,0,0.4807807549934433,0.9125604878013004
0.0,2.8145001144029598,0.11286643765005588,0.19303602535738904,0.3111334969493499,0.1829851345852977,0,0.6392401901379201,0.742672577883941
3.0372984085764876,4.719754135162898,,,0.5136685980615509,0.4392925519551921,0,0.0,0.9923672017257179
2.1707203156330936,1.8102337552445686,0.35530309668821297,0.3007576713560787,0.48204967269461824,0.11921475055179132,0,0.5667772807721928,0.8177555014756943
2.507609733153876,1.682728495054088,0.711528975512318,0.46818265197686537,0.5240757943513179,0.5907740532141335,1,0.6924039207128854,0.7455652029534068
2.129652965255908,2.9120573410548456,,,0.3327675559446863,0.8704812347473864,1,0.0,0.5957299473062371
4.114946566997781,0.8371683813749751,0.7115652873096456,0.5093349839303427,0.5623750218642151,0.18040704840575345,1,0.6481390836953609,0.6293984609859432
1.1370840904611943,2.43053823976864,0.19593251985391358,0.5487272570515652,0.31345655070400696,0.23555067140523384,1,0.5938236752353421,0.5672087502800874
0.0,0.0,0.0,0.4551769439005719,0.29620296712359506,0.27661760978054684,0,0.4869071051980422,0.8363550092402809
7.6755152906853645,4.259964275099765,0.33252606644110316,0.8384982941656574,0.7802096721489075,0.6211464458689673,1,0.7794790636367757,0.9770262065520509
0.8574144287827381,2.3349187507302354,0.5721860543805484,0.6515592303900835,0.22697207426697996,0.4958683088324488,0,0.7502077923528865,0.6606940250925533
1.4741000970469793,2.2684082592844446,0.41281190104485777,0.5112816070741135,0.6734581827450038,0.2476573021409636,0,0.5717064596046297,0.9742708288025987
8.501155776954302,3.0702842877704306,,,0.5891970108488193,0.49026860080698753,1,0.0,0.9916646163193065
4.12607270646525,2.748448411051533,0.7011965626719989,0.7585638773640779,0.6979891648020453,0.5502453164814225,1,0.4711455949068435,0.7577368360052815
2.554215742906691,2.8669353391723202,,,0.35725907506138355,0.5215422479057052,0,0.0,0.8459468605247826
5.3798449411932765,3.7483700181415616,0.6400122376702816,0.8121749324752674,0.8239926570847573,0.2481806702124355,0,0.8241207001881018,0.9107638025685553
4.689638786313822,2.020811786506089,0.52686267559688,0.736414432216524,0.5709364216103359,0.1911540300499664,0,0.5401816393539929,0.750686339857713
7.159242908424451,0.3390134142802408,0.5035593178915228,0.3685478378058587,0.5450053702350235,0.6874506249267452,0,0.836432057393371,0.8671832147170807
2.4449706075557085,0.0,0.7064285701504812,0.25207976105413055,0.578710246632111,0.49413239690869737,0,0.7455890419599198,0.6532744664430901
0.2852870113988688,1.0010025413999744,0.536197977445723,0.5677135765981806,0.5643600398409221,0.3533914130509573,0,0.8852320676912682,0.9499548753964491
4.247588193530392,0.7394316466122552,,,0.8287750496495758,0.36810273242280134,1,0.0,0.8074815857118051
2.6451815201180993,1.890911327328331,0.6240370884357035,0.6242903945028934,0.5473247950798169,0.7977364401622454,1,0.9793432366713608,0.9031343357208678
2.136423190683084,3.2481256099007836,0.5491419584197482,0.38737729047798664,0.3865037225587394,0.3262995561164152,1,0.9656195283516718,0.8667651762926499
5.075618710211542,0.27043593569831104,,,0.28108338698746926,0.4099767267365557,1,0.0,0.9285814792332785
1.6294067870092586,2.095281049529413,0.733467036011557,0.4634364982042602,0.6478183807753128,0.789000229389673,0,0.4500978391951681,0.9564065818768975
4.491831008667219,0.0,,,0.8106428219244299,0.39481302349904823,0,0.0,0.780653669175576
2.0542977355342487,0.0,,,0.6022443930995537,0.3720712593141447,1,0.0,0.6391191424602143
1.8684009272402347,0.3055390746558029,0.6121716230354615,0.5256363590647459,0.6865947861068299,0.691024381757356,1,0.6193042917369251,0.6053786384554982
4.1787035732113935,0.7878232315268822,0.642869099828182,0.6194715309985722,0.3593983776054457,0.13842964377184588,0,0.673157529421853,0.8544806007738204
5.043742882442822,2.657865410264863,0.5840932645050463,0.8659916018448922,0.756767074713144,0.0,0,0.5196237577295926,0.6641239165843951
2.058586430930189,0.0,0.12580453897104432,0.07159492997614578,0.17347815988040982,0.3908230756038864,0,0.6641452426035228,0.8872250944226554
6.652679162486535,1.0634224896324922,0.3560002676224471,0.6738145240315755,0.08807103208111006,0.9920856835726113,1,0.5837282849427297,0.9913905301945634
6.185641737741993,1.2632356476712394,0.639076764820339,0.6278221032881267,0.6406106954668026,0.21586079455891172,0,0.6948278755791717,0.7679030231718758
4.890049949205921,2.809769488376054,0.5754919116381327,1.0,0.5122608859200376,0.41971302215391754,0,0.6130420017100439,0.5960375220258077
6.1343746477676895,2.262620614106486,0.6860136586076205,0.44122756994301976,0.5768628854034838,0.38326759958823087,1,0.8996259251404277,0.7814056743573448
5.793921566628453,4.184124129089907,0.5798219711254585,0.7411419261020981,0.4165175655939507,0.7312693996034543,0,0.47275412239479403,0.8638942334490096
2.3301804292068873,2.0057000749897447,0.3429358315250228,0.30920178561782724,0.6461179417689923,0.5084139052641486,0,0.9836700982056026,0.9760836971385556
3.5214806611027587,2.2062840809476767,0.34990528738326343,0.4764921026574469,0.46811896192174907,0.0,0,0.9285698762040944,0.8279183395947536
3.7081942911880263,1.7159987790360476,0.5047208254239557,0.9890499274321196,0.8058871923508327,0.6515827788493215,1,0.4694946018151516,0.8281785577666572
7.493013761289808,4.415832071050969,,,1.0,0.6404666403794492,1,0.0,0.5550035741141479
1.4629491751339025,2.111560070937965,0.6266216495878696,0.4036117147006311,0.16811976999518286,0.3521354383266762,0,0.5423017574595811,0.761280667035419
5.175292705652651,1.3103238206488002,0.14265983851522668,0.45405519643153464,0.6853465882881018,0.41956828056904344,0,0.5624323436990439,0.9557070200193736
0.70508383578583,0.0,0.2883785763241745,0.7686313785101246,0.16124604015670552,0.29757721517501756,0,0.7148854052512483,0.5854496551879654
4.684956169404388,1.079585165446337,0.5159787079853893,0.4372993437912257,0.9873286645253767,0.4573470598522052,1,0.7959296659971011,0.5842111443349123
8.019506714509422,3.922752471705518,0.8291071612001225,0.9021871308477193,0.8530985837455416,0.7469803646398414,1,0.825651698216741,0.9426083385503177
2.9403174004881096,4.093897855089659,0.8664835642797712,0.6133155741795548,0.8241864091036792,0.9073304356523155,1,0.8180994114821902,0.8927604477081392
3.556409987747878,5.100248645370985,0.7876107819784011,0.9578287788349356,0.6276973554912665,0.9741761195195062,1,0.8067596591829631,0.5629885795291474
4.98167638962435,0.4519822140431533,1.0,0.6742357467579096,0.2819855446832424,0.5216525285972917,1,0.8640954686471964,0.708174665525537
6.300643691551759,0.28471025197561994,0.709685687675343,0.772717571958514,0.19884723102633428,0.7191962015791759,0,0.4988970609767906,0.899959266736666
6.663025418325133,4.69625668342033,,,0.6666842327324308,0.54654617178337,1,0.0,0.5771340570529302
1.7522701145715478,2.2488793729287235,0.5780911722011867,0.44011654977514353,0.5137551987040424,0.20421190974432862,0,0.634512150689468,0.7386001645306323
5.624054229068704,3.1044417181972084,0.8911700086779819,0.7330923885137862,0.5556467691842872,0.6311178124155987,1,0.6032309361115119,0.9266026770247838
5.884447457070062,1.3429269318997958,0.4961070107431235,0.7340327733692835,0.46171019430485727,0.3296406474926271,0,0.533479286856704,0.724661551618601
0.0,0.0,,,0.19156030788619088,0.6964194522543798,0,0.0,0.6074178889599956
5.6533500472463345,2.204708700700815,0.06344304217583058,0.9189747361057192,0.6742056339532746,0.4596043583696175,0,0.9487757954475946,0.6767849946774098
3.819949188261744,1.2465972513674808,0.20516438253743485,0.8198849070405885,0.694165033448884,0.25940307958965075,1,0.7135952300808579,0.8041051727165613
4.685064740616073,1.386487185318193,0.7263567860230791,0.3224829882086331,0.5682562671384818,0.44383082792536727,0,0.6247148439536255,0.8081843297301042
3.2116781919791055,0.0,0.22009983317394535,0.30970984447434546,0.3831165884137297,0.3878766822778436,0,0.7990026414034992,0.6393744909216942
6.774120972883572,3.187731003885013,0.885921397524837,0.8999357131339357,0.41934710387019225,0.5247528892707921,1,0.6236542617168425,0.5636461241944812
1.9263558936876155,1.9539995492684992,0.6702157333448876,0.2966060130820512,0.762699710242206,0.503330989027499,1,0.677472381966576,0.6392818877361598
4.624145633817869,0.0,,,0.5167453966937099,0.2508022423137647,0,0.0,0.7389028394891928
1.0208463499146996,2.915557923928112,0.636211619621873,0.6476495917621522,0.5563865420671044,0.1879372586719278,1,0.6757624261835242,0.9728134764804559
2.329078168981841,0.0,0.12252166909870366,0.17541444559422953,0.4492811626950987,0.6327742300856697,0,0.6849583575777206,0.6320814305926626
4.1467474143921565,3.356390253908066,,,0.7254998880271263,0.39893643977327575,1,0.0,0.8219462862516558
1.1979688041584122,3.1913314646964714,0.46872358580819334,0.5544177759422918,0.3657210235969436,0.15707311932867224,0,0.9456854391503319,0.7886284356967073
2.86569848965671,0.3038656095338489,0.4442023692535883,0.5133815305363765,0.5199025213953538,0.23271678914527144,0,0.9755979103563417,0.9693697283518217
0.0,1.1741880526211845,0.8383747163246724,0.4407434293536304,0.4438136477460989,0.3594709950326932,0,0.951682120329562,0.9312799533993895
8.910993171255786,2.112954699700494,0.342473184845586,0.3933791035298369,0.6747868274178666,0.5563525215158079,0,0.9899830694669323,0.758948120848576
3.842965873499427,2.855855434229984,0.5875716192353481,0.39336655267898407,0.5936603976661281,0.560514621344529,1,0.8127434346568727,0.9593180485340962
4.602253598018255,2.549411337127457,0.49038129551757276,0.7472882560555685,0.679186208519919,0.6313786616964646,1,0.5493390390055666,0.5707156258806575
2.412562125805742,0.9506493162399036,0.7428173341389707,0.6796261232222655,0.704609512836142,0.48320212775762283,0,0.7002115935351326,0.7051221527197097
5.4532395664807884,3.949800990941668,0.5659893261809474,0.8296234728270054,0.3880322296131784,0.5382331878998083,1,0.6195847592801527,0.6263513822449458
3.1429609240252283,0.9293195221670808,0.4807290720728407,0.4307012854994408,0.5367032534369364,0.3879492796187265,1,0.47480322518744256,0.968458028490138
3.1015351955077644,1.1248387929126755,0.840004756603997,0.33068907890322,0.0,0.5851077222797955,0,0.4732193134038619,0.573897790559365
5.3297887986616415,2.469951031298206,,,0.7207827784133863,0.5528940042832069,1,0.0,0.8090846148374352
2.4763414833698505,0.0,,,0.5369532630125031,0.4318235867771194,0,0.0,0.728786862866641
1.249234969834757,1.3222955841075714,,,0.5034421076079928,0.4957773213296881,0,0.0,0.8395765954111236
3.132730113836439,2.1349328223128308,,,0.291204370313673,0.5670345912619186,1,0.0,0.7771740549283246
4.147500015155853,1.468190409091579,,,0.35627192191040735,0.5380480836084637,1,0.0,0.6392995679860263
2.3035874333202524,3.058842600535617,0.5416997376607469,0.6478218533638911,0.7692841386832241,0.8881831710631074,1,0.9798939436424707,0.5511271199735687
2.3230498204005148,1.2354079689080826,,,0.7732542750180449,0.3593273953948336,0,0.0,0.9702233479476972
1.4758318145949922,0.0,0.1955490206846877,0.38581585432696275,0.48888652449334524,0.5147576336563264,1,0.7109018247735805,0.7640264566717853
6.2060698349179635,2.9331472209895297,0.6082416643760868,0.4810412355341448,0.424387879838407,0.14708883331851005,0,0.4903648627422399,0.7223410513981366
6.675384238577398,0.1008535777024111,0.6168634543925012,0.7943989124237545,0.571806918932917,0.8741544667895595,1,0.6887367473483929,0.6838281256552754
6.604102027288731,4.5687448870469165,0.7492570841206727,0.8622016049356896,0.5986891208703462,0.8309262025414554,1,0.7373627073320983,0.8575455034981041
5.544594592156038,5.729736858140719,1.0,0.7655831543533521,0.7129410452658832,0.9727953719252584,1,0.9733745557049633,0.841769059150788
4.80834153156513,2.748089657356294,0.3015330131526945,0.7424190018789021,0.7482106320100872,0.27614613074876876,0,0.9972127214280808,0.9449924900044935
5.847787335809531,3.1476800756955403,0.8379656109972551,0.7100891103317277,0.5691135595698638,0.42705350143129517,1,0.4951439398135685,0.8299680551814179
3.666805077404695,3.327679568276398,,,0.6003326680719495,0.5679430057588144,1,0.0,0.8188829122890242
2.7614178939130594,2.056793496169894,,,0.6033197747502841,0.4222458578321837,0,0.0,0.8066729251567639
1.3134711434965602,0.5178396298693877,0.2559958390274062,0.4782654406578303,0.24220435741150706,0.7026349108072285,0,0.47548703917494917,0.7757777393697094
3.731405733664631,4.693429393931592,0.39231699610071824,0.6026627220211668,0.5093087753329906,0.4033762767189692,0,0.5806836742188208,0.815963280390863
0.7054552831117391,0.0,0.4508221027905473,0.5860486218271808,0.02156352691319663,0.5760760941952391,0,0.6791718805134211,0.8141548585894522
3.6086809831530164,3.6289996760674486,0.5451513243132107,0.7274895111488426,0.6734460797529224,0.058065075920941456,1,0.5539613859085639,0.8406230104850442
5.67774513778784,0.0,0.7203265831419785,0.40055989459483377,0.5383544684376774,0.30991290626703927,1,0.4791977713603267,0.946304433510631
4.817738770260486,3.088704637971091,0.8453892325128911,0.433029504257356,0.3876647136270356,0.4558563122879402,1,0.9699817852795607,0.5545138395303988
5.15686596919677,1.376552283972152,0.7234781040424515,0.5470529353636583,0.4995781105218072,0.5669503617499,1,0.8042825184090094,0.8259146929012442
0.0,2.63044689535387,0.5431127163674382,0.6218071195392818,0.8330398705756701,0.42791206763538187,0,0.6754418797724485,0.7450886538198026
5.581368844341685,2.201001244688956,,,0.43970552485938086,0.5447888099522199,1,0.0,0.7369678569497964
6.4866539856411904,4.413227503277728,0.6838727779039883,1.0,0.925176757260989,0.518984471505878,1,0.5185105667132895,0.6094559560508696
0.08770023993725884,0.0,0.21111756822615374,0.7383394577811244,0.6066301040819945,0.40726264183161154,0,0.7032256537781458,0.9124727994390189
3.243674798690675,3.516993578178435,0.9859974363589673,0.7456251247516616,0.8217763747891422,0.43571720303155964,1,0.8536816186833824,0.9269844638709603
6.855710404026885,1.2831429749414964,0.5150514396479811,0.36080340849574,0.7428783271163735,0.5751030116155963,1,0.5783228791753205,0.649210446998993
4.2684456526580385,4.071401825324495,0.4072121455147143,0.4927045019566842,0.6878100678650136,0.517018673333885,1,0.47664491593378305,0.6032155193487216
6.1055289154395975,5.098745184332769,0.829445970254769,0.9923011142528364,0.688744663022421,0.6787753009543334,1,0.7983626905616099,0.6104198327785241
6.941794175842785,3.2315252465346958,1.0,1.0,0.85495636880461,0.7648465055499134,1,0.8916988753663655,0.8666560795835352
4.498379272168065,2.5065351074721547,0.2096161381373713,0.47025524586093786,0.4983977201337227,0.495463497730882,0,0.9188982675583928,0.9858791053735905
3.744862838034405,4.266246297050616,0.5263518173421954,0.7343350140462139,0.31922835684545137,0.8092942613491698,0,0.6503867363534762,0.7192047047982153
5.804241487675898,2.774029840446766,0.6607966078587865,0.7345188586740836,0.3739004319870457,0.35984402123638576,1,0.7440197471228813,0.7500966381779441
1.7189714699403793,1.2041195363021593,0.6525523765019683,0.8684523340503345,0.3652735514054467,0.8694843817950619,0,0.7696794978886308,0.785365971952879
0.0,0.0,,,0.8624665017444604,0.2724306584872071,0,0.0,0.7566861412261248
4.37230589124916,0.0,0.3170348653565647,0.13278606708071505,0.5494597841097586,0.052115902025687166,0,0.5570820817381297,0.5579258320808194
0.16093768968767752,0.0,0.5864094412500541,0.12690714073883208,0.23093578730922837,0.18490861113219284,0,0.5718928319598016,0.7888667095398749
4.044436234132197,4.12726670388971,1.0,0.7561900060745892,0.522844220321883,0.6117537779573582,1,0.9331551369114659,0.7922444273024939
1.8872488494791855,0.21198828136365244,,,0.6219157417268532,0.29027327961178895,1,0.0,0.9949986355773526
5.218852581442189,3.3155100822183226,0.5559568351705565,0.6376018330589128,0.2632089826215034,0.34554854754627756,1,0.7385067064590278,0.7425157870899992
3.7397686486147874,1.4633423955442377,0.23399770626712424,0.44876344461064277,0.22033861447903147,0.16308176513375922,0,0.7706352927956421,0.934176191298449
1.264720276782115,2.410799911407082,0.8562750777562691,0.682951031126938,0.8419918401687905,0.7136579950042126,1,0.8999822381555779,0.8913112818991478
5.10842707930296,5.165299509278152,0.8399339337875602,1.0,0.960616897091407,0.5090808684620779,1,0.8514540712613008,0.670710336960691
3.4300115784198866,3.0472878238833534,0.5096872818118916,0.7143632246086082,0.5755328085436882,0.574093982809871,1,0.9900013422299301,0.7664852100529755
4.387732536917712,1.276725723412805,0.41600604025708027,0.47951295352395384,0.3916674466367599,0.4519441793487509,1,0.8539818576741824,0.7276499719658731
4.205870504411912,0.8736835975089511,0.25679429793840514,0.3173672392473361,0.3956635336647544,0.0,1,0.732723684713593,0.8458344765370169
7.841072286192777,2.550995282257384,0.5706121466966743,0.8832014264642637,0.34537451245679884,0.4878685818657697,0,0.8648689599826942,0.9476063910975482
3.4578957492137197,3.4556528714025943,0.43570192774400435,0.39090368554356647,0.7934383283720141,0.4588785922665796,1,0.8894747543291743,0.9501503783326257
7.855738964334293,4.128032098577985,,,0.1407749838019104,0.6789333464129373,1,0.0,0.5734208048868606
2.0042586480693787,1.857422136859677,0.40532705247273243,0.4251523732953921,0.36135688917787173,0.595691229730027,0,0.7462297235096276,0.8186333647849274
6.907583281668537,0.12038149008125165,,,0.5482663751273968,0.23082176571258678,0,0.0,0.8812422694871886
1.4740781295565617,0.701047956106714,0.5696038370278769,0.46011793220648495,0.2995692279605735,0.8463456630051727,0,0.7909516789088138,0.7814769660994124
0.729486918809239,1.1314665126909136,0.8551889417001723,0.5926776888006431,0.6566032324015701,0.45563632138881177,1,0.5557640359685446,0.9419517748926929
7.660415432150744,3.30347938682558,0.8188595670878054,0.5823236145002283,0.9958811918639576,0.7004588727315411,1,0.5424555586621571,0.8539161019343398
2.611717273843228,3.800060635630394,0.4824719462570359,0.43015889535359253,0.3935329556949615,0.5022624708187656,0,0.8764409362443664,0.6736171092966037
4.326363136671118,1.6696352345839096,0.6981915779646424,0.7139901842338935,0.5701830872973076,0.19925277955342718,0,0.6143135716664452,0.722136937673838
5.368995262495845,3.857252683370066,0.9022251818413929,0.7299082013279061,0.6082953680888888,0.7717288262952996,0,0.8468555455761088,0.7439035650562701
5.890536893771143,1.5253568643319564,0.3682566995537448,0.4729511426219509,0.35575858359654533,0.7123874322815082,0,0.6685918228338219,0.6359583484589769
3.6234204154158016,3.701839520627055,0.5931446144945246,0.5074028500821511,0.43873743211502103,0.8077198593772275,0,0.6822593942694861,0.9371544244104212
6.0896468187985295,1.246268735028397,,,0.7105271507478146,0.566018686812155,1,0.0,0.920231451267543
1.8449466769198548,0.3675739942970845,0.6022403020645997,0.6869146704383513,0.5428520118691443,0.594265574233249,0,0.8173431514810747,0.601567555082538
1.1986933570541716,3.503028857769504,0.8204992464766738,0.34798010073304153,0.5956311067310227,0.40664560756217927,0,0.7811178667812485,0.8575458721905402
1.9111618699638266,3.5625662409759222,,,0.7357341045967699,0.7289212070691886,0,0.0,0.8600880889877727
6.219400196054313,2.2961033717122397,0.49297510512841425,0.9514675677808292,0.26039041951096975,0.6093692080323453,0,0.9079885403241087,0.7673043293033249
8.43943818465501,3.694340006684154,0.7755841026018241,0.6022133494697465,0.5185924953831845,0.6098630903155396,1,0.721349904523797,0.9633380889674359
6.619832049399187,5.327131883852379,0.9836724969667857,1.0,0.8020997744551187,1.0,1,0.8394557467406991,0.6674742083885313
2.3027404223539762,0.9379688764520351,0.4324819524335521,0.38380349020049603,0.6794068163433946,0.6957150433028733,1,0.7709032023476778,0.7260537004057707
2.6311909761509873,0.9220660233911963,0.5718754858610996,0.7682744696082215,0.3227386798534988,0.1619159844313563,0,0.8827417970681297,0.8663760747392004
6.590650204074834,1.0644155004616964,0.4329249428695332,0.6556137189978708,0.34301893585163856,0.380121960141739,0,0.8746112607584264,0.9432002798712906
3.898645412467551,0.0,0.19520714100769576,0.09074587566428247,0.3390966519788038,0.038220565214987956,0,0.6997104903953525,0.9619890182145596
5.200001961825501,1.3798648861671947,0.7299748798304053,0.5871349343641584,0.4379269786987585,0.6509848136540082,1,0.6729904493361645,0.6627671155132941
3.1357125685879264,0.7188819782552318,,,0.9305106560248297,0.6471310847646348,0,0.0,0.7712127828655971
3.013643050494987,1.3907959909317773,0.6495164498850956,0.35474778106743604,0.3660395304440869,0.6185371188719967,0,0.9221375095570981,0.7543149541386631
4.3891723229194,4.147036563738353,0.5244867457791724,0.5473656786787404,0.5796544326716121,0.11619814445781573,1,0.9733207233198473,0.999972195734919
1.5145298647262226,1.2594938804500857,0.5596918758883891,0.6480341833098706,0.7200412160966533,0.3989065209380832,0,0.980260262347693,0.6976764327120617
1.8477279725346942,0.8386523770628583,0.40367643205064296,0.6231582359328365,0.48338081091408175,0.8553244623850638,0,0.9812539845564585,0.7030355211885837
6.16352214333301,0.5473192306982235,0.22901056438520878,0.598782859255525,0.38174762263774525,0.7960320027425987,1,0.6721187384112581,0.759382222853345
1.1510662433443013,0.7628181599774007,0.561977474893125,0.8407914640977296,0.7813014996400603,0.6624720600272244,1,0.7552052673870269,0.9135567534201133
6.274192996275787,2.917865818321324,0.5056835531603889,0.6978727318688055,0.7706350259931304,0.23761018006399404,1,0.8471158286509104,0.7185831359569187
3.160128972480238,3.3251377097499497,0.656279473473899,0.5965185358933729,0.7152108149835094,0.3099673120147024,1,0.6685122045134134,0.7485814177887825
3.435213844800206,2.7780700354584273,,,0.5739674923492234,0.5992159751730461,1,0.0,0.9609715572340308
5.74389871845743,3.9979116652849003,0.6172149515274429,0.7665747140417769,0.13737845272440152,0.805588082155734,1,0.7182636140484826,0.741721308041964
5.700534291302827,1.345708498678984,0.5649872992520277,0.8242854071685665,0.5054882712884637,0.5234181642795899,1,0.5554153285150514,0.7366087819074528
3.8825754874829728,1.110490802812484,0.505362878331901,0.4921936963562477,0.34113980771744,0.7674437100132782,1,0.892358561583502,0.8796945175076145
1.0210948572195147,0.9308585426236254,0.15339416704756292,0.39501420292153583,0.44946332067891687,0.3625681370083541,0,0.5256315423175401,0.8531712074490722
3.5906062292786123,2.7127906918884315,0.8392490477180268,0.4087098370760829,0.7497338268666869,0.4508600299244252,0,0.5809978378853426,0.7710060942333363
6.444976906828769,0.31371089193777024,0.441371866499309,0.535106013290483,0.26777870958282673,0.5746472896545517,1,0.7231549737877359,0.6762877905835335
3.688252883593127,0.0,,,0.6132060117607815,0.013364848312488853,0,0.0,0.6063881425104509
6.2794166705944665,5.191372380256905,0.6574008634754398,0.7862982698073646,0.7717527589592557,0.9195438544005895,1,0.8007268711157418,0.7319564393468552
6.679990509160149,1.325206449597329,,,0.5314810492006106,0.7029063355531507,1,0.0,0.7818543021645622
5.255745903260677,2.2250647951953124,0.45285672375426456,0.33472889159381397,0.15810880304398978,0.5414315944412736,1,0.9921870311127776,0.890888576460056
2.029554068103532,1.5221781633271534,0.6327066286521175,0.3874048071731055,0.845583611969509,0.4400984112556859,0,0.85096594883627,0.7525835313041185
6.7485131859770675,2.8010710348284653,0.41225286791906457,0.7822840934562256,0.6837706186505024,0.6796443239446451,0,0.6350735985300671,0.8961055462261653
8.20445128127975,3.5505987679730184,,,0.23038550910937783,0.7106654991397333,1,0.0,0.7465239275368459
4.161868727099435,1.7342312919066627,0.48870571042588834,0.6162845750873905,0.6989724473954029,0.686094299397443,1,0.7344467687806286,0.5695136974174134
3.976383649805183,1.887670870718218,0.7018836353072283,0.441304605120189,0.5104331280867913,0.6397410167307974,1,0.5732250313938406,0.8426614743679308
8.422225829150037,4.596090983238003,0.5466428430948833,0.7513278345416601,0.6725323534904237,0.7425260823565499,1,0.7149601755375881,0.7508631585361689
3.337362682245717,2.697007227404157,0.9626326466605861,0.9373564331870877,0.7182112851970671,0.8789109100135077,1,0.9189691167124416,0.9074440196503049
0.0,0.0,,,0.49991372170894777,0.5819376457620202,0,0.0,0.6879458479205245
2.961512875860528,3.464941434690495,0.715267884049102,0.6942978924662677,0.4014331995711259,0.45940889879147573,1,0.4866365391352946,0.6102383302860008
2.9335463395812216,0.5725464193266797,0.4195699004231371,0.5365303643599078,0.49491341264116673,0.46378227057443955,0,0.8768620741075098,0.984329031718495
5.930527127302408,0.0,0.811218200533377,0.7436629091182423,0.9386256434744176,0.37968078359136354,1,0.4562842999563066,0.8341587816942095
4.836495242509331,0.635532760983189,0.12191359788129424,0.6755812329563087,0.31954946013693725,0.2877657078670315,0,0.8162072253564029,0.9519461726147191
1.1541524130069643,0.7977950425990827,0.0,0.1319947589620798,0.2559413778688526,0.3282230989138179,0,0.806072637107913,0.8062462583101946
5.642184152244372,4.127801626758284,0.5995037418246714,0.7928330110029782,0.8678622843919849,0.6815759173014592,1,0.5818622204245656,0.6893879756086058
0.5420357044273777,1.2108960437822425,0.06319025149831761,0.2619335692814486,0.10986870763494488,0.0,0,0.9439283479915215,0.6292875968834957
2.9926184886687026,2.80363485135928,0.695405378304512,0.6117356600147772,0.658470660597317,0.20440989956940936,0,0.8405437564438121,0.9252097718671151
0.8279978263871084,1.1992155185198783,0.14125076445248508,0.3545122273031729,0.6221960774930783,0.2500288495889517,0,0.9541913922642322,0.6626650164780903
3.8353378928532544,2.1379671011952994,0.4767548589026116,0.4151114727376036,0.49621839195402195,0.5407151377461336,0,0.6499537627826992,0.5671046888165836
6.1427229820765294,2.3373408934767363,0.4266649996827994,0.7210728213501666,0.8082599639539301,0.3945499491227526,1,0.7635422363752733,0.7066306186340143
4.350895877852908,3.8215771069732876,0.6918167099723568,0.9489017919965999,0.25873379054021045,0.6212270171468797,1,0.919166714393219,0.6811660597663383
4.759790133280163,4.531819300302383,,,0.16844209060593623,0.2284214180560591,0,0.0,0.9860813510538677
4.239734869009645,2.921694311023135,0.506848280895697,0.3634753068160579,0.6053291382436028,0.2872197395198568,1,0.7726151484507311,0.8181713517137426
7.290420342367433,2.608285768511592,0.6955136773364005,0.7454066215352567,0.3814642537524247,0.44689246420537765,1,0.7291286336995855,0.7182318852623838
0.43672980984510645,2.068835337737948,0.7338692030580922,0.4703392643731336,0.3648102624356162,0.3418805391971478,0,0.5142078643243576,0.9975424195470124
5.559569717136962,0.14582154546199122,0.15479936020355323,0.44419109522532213,0.6539591944178502,0.4884706503584381,0,0.9707727114823281,0.9393230688779582
3.279810407220262,2.1221581921492128,0.4534697217039238,0.4661808869596039,0.35804130924727756,0.253836514403961,0,0.6436327665101934,0.8062657122573373
3.893014938641876,4.139142429238779,,,0.5874249334874919,0.8527510840808332,1,0.0,0.8717227609411649
3.19634372555365,4.667324895498893,0.28001400395842246,0.4361000515719783,0.2209593162596042,0.5478367000148643,0,0.7551868193406054,0.8742412485025374
3.1125756169284085,0.0,0.6342801875618459,0.6761456353910563,0.26173324999353986,0.5047134242225059,0,0.6536267122472027,0.6388418752630959
0.7442803924975858,1.996555109433979,,,0.12878449052427643,0.6992703442280781,0,0.0,0.7887771588413358
4.7547128657799655,1.6485009063226568,0.741278859378373,0.7010807272152301,0.29632206873358735,0.3860303637767766,1,0.6144347842740971,0.5657863016554139
3.912125173820823,1.419958705365505,,,0.5943830457839828,0.739866069596774,1,0.0,0.7782535228731247
10.251398535202364,5.464730809149145,0.6902627202933482,0.841868128591147,0.9473055166143258,0.7841083284298918,1,0.7245585542951181,0.8776610534187645
1.1120763514320717,0.0,0.0844605834470846,0.08373958772246345,0.23655060491300953,0.39255106893872926,0,0.6578453462505154,0.8170357391358105
0.6800370464990375,0.0,0.30254980585721863,0.34114461672333135,0.03147865406975914,0.0,1,0.882768019073267,0.6964628446969824
0.8888085533384211,0.0,0.17401234218504083,0.334655128637577,0.0,0.0,0,0.7045598185947146,0.6616131743806265
6.789021248366507,1.08670360243452,0.28316813926033446,0.45036939813272914,0.0,0.5858280646874292,0,0.8372775628853983,0.6907705394569075
3.609805607724592,0.9444302964264452,0.257988496159737,0.30707358499196163,0.5012841861645242,0.5301766959959008,0,0.47860284063626196,0.8539097758847561
6.562925224872572,1.22916882029694,0.6573588429061643,0.6385591509410874,0.687457919917198,0.25866430214378033,1,0.9909846662973083,0.6473597327650903
5.386370727959903,0.7684924960658318,0.2515244376377044,0.3633189107697368,0.6645382619632908,0.6599148741994909,0,0.9800906470640005,0.5820073048617738
1.5889865361486883,0.0,0.1960118224745804,0.4180716188788385,0.06363736036095913,0.1669360787255405,0,0.9740066692391118,0.8009728462917883
2.421079972746146,0.4133829145339547,0.1765692330148249,0.5121033942484542,0.4093324417149759,0.6608314098089978,0,0.7359435829379137,0.7085912787663936
5.58537363977449,2.7921347175497737,0.766823411292551,0.6111591747620622,0.6257313010692778,0.6546345509521406,1,0.8036732198215861,0.5895114489057272
4.356700914916033,3.623791495565648,0.43565658452123934,0.842137361219651,0.9590335057672308,0.2942931378728127,1,0.56133367550143,0.973132502232996
2.529611663747782,2.211842649203216,0.5684268445795818,0.6504758822441735,0.994629844104901,0.6626933941483548,1,0.5119603799807445,0.7432690360786229
4.191379354389028,3.3266836125806822,0.47207200074526406,0.7952902836981653,0.5922737784985895,0.16859046506114012,1,0.6661986093811717,0.9433304599171337
6.918446836476615,3.169395141740955,0.5830405597418837,0.776918323892381,1.0,0.5243652604136005,1,0.8573013349864033,0.5922054258365912
4.094013298139515,2.267969590494296,0.8184519207337028,0.5451875072649655,0.5477493344521691,0.7093279225842359,1,0.5743041000649722,0.7253784749600463
0.7273159152060225,0.9221587801612355,,,0.4135479665423742,0.4872370081835511,0,0.0,0.5855185209529173
4.710512236956801,0.0,0.46262807826999836,0.4996725712264013,0.7126749978686391,0.2615493057450475,0,0.6875913354104815,0.6218740464292899
3.6200594258147487,1.4264140391896678,0.8682796224977931,0.5722907503359758,0.68586763705111,0.6863667683115973,1,0.6980028851533734,0.5716102634326264
0.0,1.8113766874622073,0.3742529879757472,0.25116610736426387,0.3441676906678077,0.5377302467923067,0,0.8345915205729079,0.7307657504539632
3.662441086200847,0.0,0.6280091975763853,0.653236384032504,0.5750952535363094,0.23518168112897392,0,0.8454117237903662,0.9562926005064201
4.4690013665918356,1.3189258191222866,0.23726564970556047,0.45355266895181273,0.39604153547645116,0.522818644956324,0,0.8305432676691301,0.6560847786763899
2.974630825018391,2.746348358576937,0.9087441110393486,0.6244658225560267,0.5339766928829928,0.42292997401370785,1,0.9790466693044146,0.8611294369178248
0.5411094522227478,1.2659289096748347,0.25815161259541086,0.4563879083730993,0.3842399899288585,0.47592164948938614,0,0.5400939653174017,0.6752988640691227
3.9954391313507083,1.0244767996340864,0.4790009450707229,0.29769456469974387,0.6269962012157884,0.15802186310582106,1,0.9168172294588269,0.8862289605202984
4.765152939431642,2.0591600670878454,0.8283348414837957,1.0,0.4434109262963316,0.5092216512599803,0,0.9639860544149876,0.578332627507444
6.025708631755824,2.9626225684198344,0.7074895572884424,0.9165581309681494,0.5105608995135564,0.6215808946228022,1,0.8764962357794053,0.6716356782475306
4.107242539077826,0.23267617429801002,0.3219019987563914,0.24397440207503604,0.4601103981185966,0.701705297032579,0,0.47500822632207235,0.9992999713058571
0.0,3.3571510045694213,,,0.366647004174211,0.5581226409639409,1,0.0,0.6242915358096327
2.3710807704762646,0.40996677187203656,0.56431222868359,0.45359028608909047,0.5949169582210888,0.368222253481685,0,0.6822899646049442,0.9098606458795789
6.594911088121009,3.0766160969105685,0.7122895890924867,0.388773888533598,0.29248458994765236,0.4204827766760574,0,0.8783966436704337,0.9038153379147682
1.6776918060195847,2.466393945644846,0.5873215295929834,0.4751446587638789,0.6516109824495786,0.591177372993073,1,0.8990314168715534,0.7133804948780558
6.491057838137346,2.5654561681760684,0.6198356323136367,0.3596013649793359,0.67168883832331,0.5209779280010837,0,0.7122101177612998,0.7116120761305622
4.588725330360444,3.01120336535775,,,0.277191412715685,0.485989951434975,1,0.0,0.5924884047886047
3.5536736079155213,1.1144081005600512,,,0.720845690866465,0.2509768078443182,0,0.0,0.7014486802899307
3.7690133750571535,3.74235988709742,0.43378886275911943,0.4522954716772376,0.5141500330633452,0.4756143859902124,1,0.8554236682699574,0.6375004293624327
5.566091447818579,4.483776762494191,0.5960831704812463,0.781828814637877,0.8447659983850275,0.9024048859275258,1,0.5754835994237202,0.9130057027432336
4.817459492476276,0.0,0.5652016300941259,0.4279726162739738,0.3050765087766544,0.5776570817275197,0,0.6666754746160153,0.6147354555608331
4.452022399528473,0.6004993104855686,0.40475597769728044,0.399799020447958,0.5871436656994745,0.1447231082354768,0,0.47380675325310473,0.9627568404601863
7.091073495306654,1.7613212693404672,0.7852936399724845,0.8157435786333515,0.9374097777902899,0.2481882065715435,1,0.530106920470073,0.7817612499588859
2.0711600024969377,0.0,0.5395506600447542,0.5058113474356337,0.4270374472200917,0.5093178397888494,1,0.7414222290218507,0.8663957565116069
1.031227536138477,0.0,0.3165909587364143,0.0560407494420625,0.5813838248797621,0.30830306922216943,0,0.9860821923778595,0.6848841970463813
7.328905364845966,0.19377809024874182,,,0.726873232425778,0.2752862443808893,0,0.0,0.6599332797063631
4.109165175896338,3.3596622121389648,,,0.4744684875640348,0.16751192210509902,1,0.0,0.8182674039786699
2.732290813098139,3.041356927594677,0.43064222417846243,0.773094610081472,0.36869473364860816,0.5126027343791156,0,0.4960697009630931,0.997142431722494
3.503900084456599,0.9818948794451419,0.4763125634739527,0.6994193564774005,0.8421695593913702,0.495325297592253,0,0.8543943284543309,0.6529636982506257
3.9201033863520873,1.6656727307669723,0.4344071724481238,0.8026907267236711,0.44493399216865137,0.3672597769977385,1,0.5440938829901496,0.648094942026776
4.711566031081539,1.7064124250493546,0.21164551084096866,0.70452341696333,0.7884132675380214,0.9517839729712172,0,0.9551974919240158,0.9521650661425645
4.967473037485645,2.6413033543360838,0.5175062088021225,0.7789067418099065,0.3772685684176949,0.6855986780714852,1,0.8167133412460819,0.7838619657769367
2.4104135071397867,3.8060338652369703,0.36603391939449315,0.6351429412189455,0.5800258778723061,0.42463431663620177,1,0.9932295723571332,0.5679249320213415
5.093101850058064,2.817309074238892,0.6400592078100368,1.0,1.0,0.8671078880767362,1,0.5176434104915183,0.621659501262973
2.4474483881188265,2.1862083632892317,0.9072585519990521,0.7003655729385111,0.88817957052254,0.5770968191758219,0,0.5254599009252346,0.9104877866990193
3.9739620691447604,1.4606924899244371,,,0.4743431743433296,0.5863560728584595,1,0.0,0.7934792577092924
3.094820645282858,1.8664715684927229,0.5647537778616128,0.7147779099716358,0.7971307035246443,0.2605982732615791,1,0.4754716730377218,0.7023558411391726
4.021124983142672,1.7033190518884598,0.4752202179797222,0.46599156890379984,0.3934773060556402,0.3481617508072127,0,0.5410294828090478,0.6676428764404354
6.845931023905492,2.023003810915265,0.532386580012518,0.2796787541441649,0.2713949903911716,0.5233276234328833,1,0.5845666584887733,0.8783744717127812
4.152707074935488,0.0,0.08007910865393192,0.5829348631831621,0.8883049717411318,0.6331874059945577,1,0.9934674908429664,0.9462628941582636
5.620321413440523,2.4123911466415073,0.08831429913100436,0.3150693776565718,0.3635047972362718,0.5732317295815369,0,0.9193983783556299,0.9639256451765048
3.0731302774029183,1.4213134978368978,,,0.4714366954847549,0.17341458832427464,0,0.0,0.8586366027701318
3.744903718270872,2.7311065159731145,0.44088488158531847,0.9136948368588849,0.48096584087527017,0.5395209852448113,1,0.8878766914212759,0.8718635086293698
7.5315579047955215,0.9073375835071016,0.6138787417694448,0.7147234209565576,0.32933057365377905,0.2964683359210323,1,0.6189135690169212,0.7292647636418292
2.675701129709127,1.713815150848977,0.40813945327696743,0.612844215198775,0.5410929825355042,0.6626907012715091,0,0.5667977419395999,0.730364097325003
4.948404656842645,1.8400134830465262,0.7708782853715537,0.7685430162257132,0.7423693936597395,0.27076059572741135,0,0.8428109594324272,0.8677116565010947
5.539718651683566,3.6226575737554825,0.3364381520204479,0.5133659315732526,0.4202276684256293,0.2407601224770347,1,0.915179220557996,0.5634699577360881
5.78668393732095,2.5310994828723166,0.5150652314287092,0.48175801251852335,0.563318018732208,0.40138511941215016,1,0.7453045169190964,0.9604485832696057
2.0726684957076333,1.6201320289459717,0.15036814283359407,0.4324389062262628,0.4634866856544806,0.5234107586455974,0,0.848016722234791,0.6663898740891752
2.6280182609083607,0.04456224732617563,0.27687537325522704,0.2911672707679134,0.46236163083058135,0.0,0,0.5556617627024507,0.9296511933420077
1.936320791557717,1.9993043457414394,0.6072070925348033,0.6412158052080339,0.31984385478799227,0.15719478265959896,1,0.5530363834819064,0.8783968399777813
1.4494184344791798,1.75619114922512,0.39384873398464904,0.14715576352405835,0.7589619488960708,0.6980276614934658,0,0.9635820731762799,0.7320793979936975
0.0,1.9580636756023102,0.8150037499852294,0.7060631363463664,0.8867914947870148,0.6376350824568331,1,0.5139857397440655,0.9407178068737265
2.264592707254654,1.9788442597458196,0.5002118788212202,0.42877424354572047,0.4801017772466189,0.3514104309460572,0,0.750359697403642,0.7703630878602745
7.325603969366806,4.363303074604746,0.9431743362573107,0.6077866316904008,0.4641795832974923,0.8860577063064733,1,0.7470310105289082,0.5944586615278752
0.7718650878976444,2.0426038270050304,0.4722142660985238,0.278773975868849,0.28193993880264284,0.34013490739845925,0,0.8717682578359613,0.5549136297662607
0.0,6.027553667972578,0.5838710630790224,0.6037411032210933,0.8153103822998786,1.0,1,0.658514961328805,0.7310641691803123
2.7762813800968127,3.4834561285667816,0.7398471869648833,0.6038836965078463,0.5989853187804566,0.6465414273337297,0,0.8317189935931838,0.6678825383804936
5.196217750144285,0.9615602820052345,0.22595420168500463,0.4284756776595673,0.16952828919181478,0.27035753156832576,0,0.6498572121396163,0.7640520324394509
2.771656915510551,3.1200503350466158,0.31158585436145714,0.46597326669096073,0.46738021371983235,0.655521300696166,0,0.6749497287069417,0.9586567001357801
8.043897853592213,3.60713935788176,0.5030290255429647,0.5438908413337296,0.907640284292222,0.7138380281707206,0,0.5625668960208017,0.6757971232749773
4.331368797215568,2.226909399906196,0.25482502333383555,0.8191937809822616,0.595453763611585,0.2141413907421746,1,0.500238442019015,0.6009709185736727
4.96820204542288,0.0,0.6876514333063372,0.7462053508138997,0.6458449038598267,0.5774224348530868,1,0.7170559861453203,0.7106111371708799
3.9605185965674186,2.9807939677121764,0.33101779268724374,0.7716999775356573,1.0,0.36450622396485277,1,0.9699053626272369,0.868459636324811
0.0,0.0,0.11386448563607979,0.07693662524105976,0.3503032233790076,0.11963825597663935,0,0.7322694338681023,0.59090297278353
2.0827625365647546,0.0,0.4554261200690168,0.6493707369191337,0.5755799338246315,0.0,0,0.9827397518934049,0.9933350598768171
5.791699191280144,2.8119870471313093,0.4408684099070877,0.44158471925163323,0.6544126679126276,0.7417850448230336,1,0.9006312159765415,0.9643844704039728
0.0,2.8205326195023988,,,0.6413314152137457,0.19660353092538047,0,0.0,0.5735297635603555
0.5813073962716482,1.5422875928122106,0.3949151231423522,0.602757615507193,0.35415060959135164,0.11119055399285521,0,0.931516538860413,0.8757314047808109
5.233611457058717,3.5116441262079423,0.23226101876379784,0.5510783018418473,0.8868434845850012,0.15115514967150356,1,0.4586267334121651,0.6414689945919892
4.565874468756315,2.200779847012286,0.3545754746162957,0.6773515120165934,0.3293741787551209,0.0,1,0.60564825240421,0.7271617924423188
1.7263230164393142,0.0,1.0,0.523406299263855,0.334781168305916,0.5988681985853761,0,0.47153641406723784,0.9477336758797479
4.425113940352084,2.9755788676676507,0.7451035701585713,0.6606446179651446,0.5369474674768504,0.6126849187160097,0,0.7901464099912616,0.7381835194564821
4.440635431599065,1.5390886487800923,0.5559217556914129,0.8470451697197771,0.5595549106599622,0.3455299825689463,0,0.505177693436206,0.9707980764261306
7.461480375198156,2.0059819328657973,0.540276950448373,0.4936332381416504,0.2506930878765413,0.8390434836661859,0,0.9754052299280416,0.9767497754220303
3.536902189244889,3.296610303723887,,,0.5759708160610317,0.15584782689603843,0,0.0,0.6805636112743955
6.125447680559812,1.0689566710398233,0.288731614043004,0.6665752621463875,0.42954207776096937,0.2762143081670234,0,0.6761243537509782,0.719281953593404
3.1026932255038426,2.134168843461215,0.29523540688732675,0.5249231089863919,0.7147612607370373,0.15336976722269813,1,0.9213411334781242,0.6983921653430295
2.0737789382419103,0.3502605153793883,0.4173309377806418,0.52734620441428,0.5853266470736459,0.5877907709698054,0,0.78433691446097,0.8926763067349632
5.831090035282276,1.647479359010911,0.6463310373010677,0.7058785560211389,0.8148821864613655,0.41772203776388284,0,0.6787324804473482,0.7877322413294137
1.7837872954946032,2.5846839216672866,0.5490647600435116,0.45970409433169324,0.8123200846156342,0.15121193706559416,0,0.6166380750133797,0.7807998818747244
1.360296404746262,2.4086500341787183,0.24236763734740757,0.4440204416080558,0.34506670417173135,0.3432552415219068,0,0.48676775925125737,0.8558240197094409
4.6350031041335855,1.2320806086233138,0.5306361815108345,0.5078452992766822,0.42599715193583293,0.5027336070297567,0,0.6228314588056764,0.7037245492757749
0.6684367851036361,1.9711950781128107,0.5926285032450823,0.3808090284931692,0.5001950284937406,0.6503454531827123,0,0.6275692093632467,0.7499323361448322
2.2160514720643354,2.4526029282953674,,,0.3927205123357731,0.03176561175192799,0,0.0,0.8761069034703685
0.7842259967595839,2.712898676500286,0.7061770780910545,0.5009059054643517,0.47309409776332756,0.11482273449023966,1,0.7380882520660855,0.9463490368018985
5.684083441552634,2.867416763276394,0.7251165381024295,0.7162735028093743,0.45396654743224985,0.4280237158770881,1,0.889661147501634,0.6804574437657258
0.8388101545017812,1.6921667545151435,0.6723340384752056,0.4040839957647717,0.5652781408965264,0.2645807019579199,0,0.7094522678776298,0.8439486388832582
1.4331518166449977,0.0,0.24685826782446102,0.3084136418854236,0.27615946190367524,0.2743019808887278,0,0.9287138521972633,0.6460319743934828
4.716087906300455,0.6637332000689375,0.6930253219918034,0.5131533398956168,0.7841055805264436,0.09862917615449623,1,0.7333105753910818,0.7177781712609141
4.12301684267774,1.8324494719799471,,,1.0,0.729902807995363,1,0.0,0.853327061582304
3.990931862710357,1.0405636997574985,,,0.23666033577624374,0.5146781127988822,1,0.0,0.9370512298369855
5.04326484558065,4.625326208218255,0.5118965848918552,0.7217248432663458,0.5791258722173656,0.6099861920672192,0,0.8375345611636231,0.950920684737359
5.501777611775951,3.0332128894038544,0.7747458976139807,0.9795620972576488,0.6704072659910709,0.9761269086868898,1,0.48563770863197636,0.6901473273425229
3.7465183444136763,3.3346957460918705,0.598870849803433,0.7421556510621276,0.4463436527560545,0.6013563761743719,1,0.7587367371747911,0.9491632155161445
0.7798201656260908,0.22005530391768613,0.4048685193070791,0.5473060435911791,0.4179973679392651,0.3910679110573887,0,0.761007091023723,0.6817889271714411
5.640506069420844,2.670138833515826,0.7691319352686677,0.7802663546497488,0.7436231966078009,0.47026343686180033,1,0.7611384419611205,0.7740376617206255
0.9567554947296426,1.3550666071792647,0.3450959165550044,0.5124885083885157,0.15754170946849594,0.4092945681305759,0,0.6089459879931293,0.7091618851792945
3.3761957085379257,2.0985675935091774,,,0.8888913182658107,0.6472209366547836,1,0.0,0.9114307391856771
1.8848916161247833,0.0,0.2076232215025548,0.3898102650315989,0.5689059313328901,0.17116267682212624,0,0.6804630226440804,0.8798849813777623
3.3389470792640554,3.9188776524695137,0.5661677147602053,0.6196690648507472,0.8033478273681878,0.8956671284674665,0,0.6662329359385794,0.6665976483309316
9.764143983242146,4.06039698456845,0.908018246802878,1.0,0.7205499448273305,0.9227593645020404,1,0.48471625604035135,0.7181307669448859
5.905119347510189,2.785686272127393,0.7009051971463994,0.6199953192732959,0.6165098489549782,0.5613125584907314,1,0.7992997425825181,0.8700172629833689
6.040204127920546,7.70901441130622,1.0,0.6162111035073509,0.8634021309706379,0.5581624232257588,1,0.5391321797571232,0.9919754920044012
1.0545929770498388,0.19757561775033006,0.3799750258067933,0.9717286533895133,0.3822731118628095,0.047826391734790974,0,0.5569921717082802,0.7098862466807139
0.6415290561375573,0.6742575945135316,0.46321991909034943,0.25554834745793187,0.5429996045421762,0.327084512196102,0,0.9714613571030903,0.9387542940806163
5.097039816901371,4.405716253286022,,,0.6606447190065013,0.7451722376755133,1,0.0,0.7343664264986038
0.0,2.1426671280759586,0.7237940522597248,0.28710515959505856,0.5710138846581898,0.09143714196738245,1,0.8326089449561613,0.9398760941643787
1.6528839027531461,3.5612880619266285,0.8032046974847057,1.0,0.40901949726691134,0.16358754165348466,1,0.7928948591943952,0.6815413850990165
3.0945157268186114,4.905616060985519,0.4707164700899303,0.7349904516380715,0.6784322832672033,0.7355217060825933,1,0.8983475042888733,0.955163451183891
6.48784682846852,4.438580100757867,,,0.8724536968098207,1.0,1,0.0,0.9053545947935494
2.0644009756783244,4.677017058391665,,,0.5718355533971804,0.5556071424507383,1,0.0,0.7402259377244808
1.4588315593334296,1.4183437365203986,0.39911910605593337,0.9242148309493501,0.9248359530707073,0.5740919582916063,0,0.5996201136721485,0.6422859001112842
6.536105903266123,2.400364645794481,0.890785921856383,0.405347290825085,0.5600063713721922,1.0,1,0.5417019584262226,0.7253706692115727
4.686026267788057,1.4589941561053337,,,0.7902979502324756,0.36823097916708586,1,0.0,0.8280876272062316
6.500433886642354,3.180625003902059,0.6599124686979161,0.8729209478015143,0.6306163516797887,0.46725344787714584,0,0.9086289637057001,0.8921331094489147
2.547945674524704,2.865278445394351,0.9032052120423475,0.6460073196027983,0.09527762661929928,0.9162546976023107,0,0.6839510036085883,0.8585910084927116
3.809661759699842,0.8429777997579042,0.45017810814880377,0.1978347474863403,0.607577705556967,0.1816253965824742,0,0.8109276440388089,0.7492268766245354
2.3343643048040574,0.7405612825476514,0.0,0.6011379398502004,0.6462482855666878,0.09999579656273716,0,0.45770672944331503,0.6869146155908323
4.481083125442088,4.459237246086101,0.4143032718897781,0.6543817966578029,0.9414746968547401,0.6871457023498374,0,0.844455566810724,0.6247344280112275
4.446105863740954,1.2383638230896425,,,0.5062463027054145,0.5880016873330486,1,0.0,0.7374490729776384
6.425042861533505,0.9139864808278773,0.5263794058766172,0.6894982884747796,0.44449046153207894,0.7208287366763153,1,0.8960535408986274,0.629211515390516
7.23985304694754,0.9200456034275515,0.9750860030151237,0.6456120848092355,0.3557666622191085,0.7178673237674255,1,0.6145975460223041,0.7635412461330859
0.9000694985500814,2.4856383558184794,,,0.7745441097283668,0.4819536012956376,1,0.0,0.7069216256920184
0.0,1.2818981246968317,0.34747452030843207,0.6272525766789476,0.5605169419736711,0.6974605757743664,0,0.683596057497152,0.6167846502882243
3.0206382184145153,4.280957111603779,,,0.8258941238341216,0.22438739936042773,1,0.0,0.6088216792322744
2.784285386805629,2.996806180514283,,,0.945644544703595,0.85155068937795,0,0.0,0.6934832480178845
2.7480289921527272,2.5583771195721843,0.41920844003155944,0.4142540630911779,0.4947255640034689,0.38705669306641377,1,0.9950676187926968,0.5706545781672357
2.652581971668216,3.0168423928192327,,,0.8336861060561483,0.379325646373706,1,0.0,0.9205262435594278
11.47330144950384,1.8052763978450217,0.7050737950212579,0.5188468593032102,1.0,1.0,1,0.9140112732347069,0.5935921969067013
4.47534699431303,0.0,,,0.7073968116923905,0.4102491923487662,0,0.0,0.724950147056117
6.287913627732614,3.3778483212560997,,,0.23977443199949466,0.3976431643734853,0,0.0,0.9741092205138675
1.9515712041613216,0.0,0.13887569789309037,0.25094005886402837,0.10319902950213011,0.2288765023480806,0,0.4954543093896738,0.6389127550221045
4.321530386166289,3.553824073915095,0.24971258557393666,0.39234287356295017,0.5546509275176974,0.6287952392825713,0,0.8738235172426623,0.7560777616471048
3.9602480139342124,1.0931678579339146,0.6685428193785975,0.627337044209774,0.3876028872050013,0.5076401571630419,0,0.9169989722607939,0.943842465753969
2.4064466961904154,0.4214586239275997,0.5013911544624429,0.41882073959213845,0.46731627893240407,0.1732641405531105,0,0.8769448901450607,0.6799098721406791
6.793404757241536,3.019800735378455,0.5048277831032586,0.5383495430920759,0.7377611575264785,0.4678747272612675,1,0.456211122697178,0.6140038941348501
5.546156805337591,2.3623342187922756,,,0.5431471381040571,1.0,0,0.0,0.8722848076932659
2.8023481937780312,1.597905796593663,,,0.5774879812552005,0.15960374035642022,0,0.0,0.7180570947524276
5.592561766222496,2.1426853213295827,0.4409890655941494,0.19227029307727236,0.5614704157958363,0.5020171196281067,0,0.8353079662372844,0.6170428198600335
4.876256962687234,0.5971144696514383,,,0.5563368340768258,0.1710044603598211,0,0.0,0.6518686373557052
1.0692489730711876,1.8612479136584905,,,0.04618603643782898,0.7347297512060251,0,0.0,0.8180779771055158
4.9001356503023,4.522927154181228,0.6458716772020279,0.8683043666752712,0.5030376018799871,0.4921071688982953,0,0.9759268572178881,0.8452036856936491
7.628487623233278,2.6947479822375584,0.7567525323976305,0.6243446954261264,0.37057908946425716,0.40096777775464154,1,0.45069605032638804,0.7889988320927113
1.4767944796771948,1.4275842096409068,0.6773885165471911,0.661677751365049,0.5156777543873526,0.7561731221275128,1,0.6886845333179239,0.6169558244320612
5.058454075448149,0.0,0.35789275417412625,0.5264565300283021,0.47704508703576703,0.4659261917041479,1,0.5957168882822826,0.9136563875405582
1.5846419003360004,1.2787465667609625,0.5782264149173432,0.556717608762937,0.5299498410078208,0.3327291573926367,0,0.9283662564685877,0.7796376630764414
5.7580689040281126,4.239253640621624,0.590094378476612,0.7546697963172222,0.17285135395143686,0.3110751702941793,0,0.8336716955106803,0.8610991508978894
8.190463282382265,3.1449400720760856,0.6840886569979195,0.6022218002711139,0.34815866694139463,0.3152795182332554,0,0.98124924780407,0.7186861622621047
3.3370553943959913,0.19567365773408718,0.5119979200793451,0.4572334585189997,0.3817459480115739,0.48547968268707725,0,0.689451526831022,0.8488643804396533
4.328572399493253,1.541374866757912,0.5356765347358116,0.5927347436218974,0.5889112465975973,0.9053077460451093,0,0.4788918255664477,0.7986310683998014
3.097703249803844,3.404819864094555,0.7098894749764146,0.7245647206408484,0.6242826069911461,0.6124278961164652,1,0.9590220042362303,0.9747277608874787
4.632040616899086,2.704145286761185,0.12929440509522888,0.29797129331855954,0.34172845778114924,0.52364054402973,0,0.9866452024536589,0.5766564839382634
9.1035216606065,4.286729688468809,0.7964462475106155,1.0,1.0,0.7816862886148981,1,0.9028896811087584,0.9878409876567591
4.761956415999981,2.587957990265342,0.8780943105994594,0.4787150203739892,0.27781127743846334,0.4385491910369096,1,0.4762480147449385,0.8597983978279786
1.9419625562986602,2.7576222139756728,0.4386597689412678,0.3802448400018569,0.5714769168908115,0.3009993994987433,0,0.8109279941630042,0.900457685120547
1.1705817602196724,3.4980088981665878,,,0.5390382441597623,0.6463207375026445,1,0.0,0.7107183749279022
5.502972667273046,3.1707070028115436,0.5703722740033615,0.6329849583440601,0.29294541966269133,0.5412082368208523,1,0.5694594724998394,0.7943676669446798
4.693370883214235,3.1484309280978016,0.8562415745356885,0.437968204608668,0.3180868742433787,0.7710371268431518,1,0.5151752499489013,0.8803122769612703
6.221619275597955,4.913784198416355,0.4742548091538882,0.9685090776563237,0.3728553207259807,0.7406311904467169,1,0.4520149034483874,0.8748662261029423
7.41917393273534,2.6056723796280314,0.6013997768309998,0.44122553153532906,0.6693329031694522,0.5484869988826186,1,0.524188463472721,0.5626478094215889
2.6861570618145985,0.9794494055234477,0.4937748342049028,0.5917161963814793,0.34480144302219035,0.5449250392752172,0,0.540999926633143,0.7293228111521122
8.031001115934508,2.726426161312305,0.9643916778207651,0.7234625666557433,0.4903095907399255,0.8205492493708542,0,0.7273622930980863,0.714705632007109
6.462332731863057,0.17865640471804523,0.6142432283294669,0.6804224039719053,0.3130861078478354,0.45739348090660453,0,0.5035704906239343,0.9587304294599037
3.1896394479668593,3.0314192736904273,0.20771235584935316,0.6071351671029778,0.4502588339575573,0.5017224336208254,1,0.8529157651667951,0.6653816102732274
1.186289412303981,0.0,0.4489096351183044,0.3713419366912464,0.26264433333147286,0.12322789418652358,0,0.7126935255301133,0.665025483787422
0.0,2.7732686227385335,0.38416530054928577,0.32259118067490566,0.11424370007802193,0.15135340766167937,0,0.8154903163072521,0.5908236454352708
2.6527968816430105,0.0,0.40606607809029704,0.2580243318293019,0.0,0.4998407582172076,0,0.6041213030061543,0.6030462722612354
2.562257023541866,1.621483700543862,0.6578375228028344,0.5231541289763666,0.5620279806471271,0.44937164174746547,1,0.7258290801245164,0.8191148927984359
1.875668487193419,0.0,0.16905738634801465,0.4121229360921168,0.6769921955375132,0.09204507800768946,0,0.4823498133531797,0.9168284895725135
3.81405088813977,1.88880461171438,,,0.520851207993547,0.07929566673850241,0,0.0,0.9117196120083564
